slug,Year,age,minutes_played,made_field_goals,attempted_field_goals,attempted_three_point_field_goals,attempted_free_throws,defensive_rebounds,turnovers,player_efficiency_rating,total_rebound_percentage,value_over_replacement_player
adamsst01,2014,20,1197,93,185,0,136,190,71,11.2,15.6,-0.1
adamsst01,2015,21,1771,217,399,2,205,324,99,14.1,15.8,0.3
adamsst01,2016,22,2014,261,426,0,196,314,84,15.5,14.4,1.1
adamsst01,2017,23,2389,374,655,1,257,332,146,16.5,14.2,1.1
adamsst01,2018,24,2487,448,712,2,286,301,128,20.6,15.3,2.0
adebaba01,2018,20,1368,174,340,7,179,263,66,15.7,15.6,0.6
adebaba01,2019,21,1913,280,486,15,226,432,121,17.9,16.6,1.8
adebaba01,2020,22,2417,440,790,14,382,559,204,20.3,17.0,3.3
adebaba01,2021,23,2143,456,800,8,354,431,169,22.7,15.3,3.7
adebaba01,2022,24,1825,406,729,6,340,427,148,21.8,17.5,2.7
allengr01,2019,23,416,67,178,99,60,20,33,7.5,3.0,-0.5
allengr01,2020,24,718,117,251,141,45,77,33,12.0,6.2,0.1
allengr01,2021,25,1259,173,414,274,91,141,48,12.8,6.7,0.6
allengr01,2022,26,1805,255,569,389,74,190,43,12.7,6.5,1.1
allengr01,2023,27,1972,245,557,366,126,176,72,12.3,6.3,1.0
allento01,2005,23,1262,184,387,31,152,136,77,14.7,10.2,0.7
allento01,2006,24,978,129,274,34,134,79,67,12.9,6.9,0.1
allento01,2007,25,805,133,259,33,134,89,75,17.0,9.2,0.6
allento01,2008,26,1373,169,389,57,181,134,109,10.7,7.3,0.1
allento01,2009,27,887,137,284,27,109,82,77,12.9,7.1,0.5
aminual01,2011,20,1452,160,406,143,119,192,103,9.6,10.8,-0.3
aminual01,2012,21,1477,150,365,47,114,213,91,10.6,12.4,-0.1
aminual01,2013,22,2066,225,474,19,137,446,116,13.7,16.9,1.0
aminual01,2014,23,2045,234,494,48,137,367,88,13.2,14.1,0.7
aminual01,2015,24,1366,147,357,124,118,228,55,14.4,13.7,1.0
anderky01,2015,21,358,31,89,11,14,67,10,8.2,11.4,0.1
anderky01,2016,22,1245,138,295,37,83,219,59,12.9,11.2,1.1
anderky01,2017,23,1020,93,209,40,57,175,39,12.5,11.5,1.0
anderky01,2018,24,1978,231,438,57,146,312,94,15.9,11.1,2.4
anderky01,2019,25,1281,150,276,34,64,203,58,12.8,11.0,0.9
antetgi01,2014,19,1897,173,418,118,202,261,122,10.8,10.2,-0.2
antetgi01,2015,20,2541,383,780,44,347,442,173,14.8,12.2,1.2
antetgi01,2016,21,2823,513,1013,109,409,499,208,18.8,12.4,2.9
antetgi01,2017,22,2845,656,1259,180,612,558,234,26.1,14.3,6.7
antetgi01,2018,23,2756,742,1402,140,641,597,223,27.3,16.0,5.7
anunoog01,2018,20,1481,163,346,197,62,140,45,10.0,7.0,0.5
anunoog01,2019,21,1352,183,404,202,62,139,55,9.8,7.9,-0.1
anunoog01,2020,22,2066,286,566,228,102,284,79,13.2,9.3,1.7
anunoog01,2021,23,1433,249,519,261,102,183,75,15.4,9.1,1.2
anunoog01,2022,24,1728,309,697,317,118,190,80,14.8,8.3,1.1
asikom01,2011,24,989,78,141,0,145,194,64,11.8,18.1,0.1
asikom01,2012,25,971,79,156,0,103,223,68,13.4,20.1,0.3
asikom01,2013,26,2464,332,614,1,299,681,173,14.9,22.0,0.3
asikom01,2014,27,968,101,190,0,126,277,59,14.0,21.7,0.1
asikom01,2015,28,1982,213,412,0,225,504,95,15.5,21.4,0.4
aytonde01,2019,20,2183,509,870,4,189,506,126,20.5,18.5,1.2
aytonde01,2020,21,1236,310,568,13,89,289,80,20.0,19.6,0.7
aytonde01,2021,22,2115,430,687,20,173,499,103,20.3,19.5,1.7
aytonde01,2022,23,1713,442,697,19,142,444,91,21.9,18.6,2.1
aytonde01,2023,24,2035,522,887,24,200,495,120,19.9,18.1,1.5
babbilu01,2011,21,137,15,55,16,9,24,8,1.0,13.4,-0.3
babbilu01,2012,22,537,71,173,100,20,79,27,11.3,10.3,0.0
babbilu01,2013,23,730,86,234,178,13,122,22,9.4,10.9,-0.1
babbilu01,2014,24,473,60,154,95,18,70,15,12.1,10.8,0.1
babbilu01,2015,25,830,92,192,115,19,99,26,11.1,7.6,0.3
balllo01,2018,20,1780,203,564,295,71,291,136,12.5,10.8,1.3
balllo01,2019,21,1423,185,456,228,48,197,103,11.7,9.1,0.6
balllo01,2020,22,2025,277,687,395,76,312,193,13.1,10.0,1.3
balllo01,2021,23,1747,290,700,455,64,230,123,15.2,8.2,1.6
balllo01,2022,24,1212,162,383,260,28,155,82,14.5,8.8,1.4
bareajo01,2007,22,191,28,78,21,24,18,14,9.6,7.9,-0.2
bareajo01,2008,23,460,71,170,54,35,43,35,11.7,5.9,0.0
bareajo01,2009,24,1600,246,557,154,93,141,105,13.4,6.4,0.2
bareajo01,2010,25,1546,232,527,157,90,129,102,12.8,5.4,0.3
bareajo01,2011,26,1669,285,649,189,157,130,136,14.8,5.6,0.6
bargnan01,2007,21,1629,267,625,268,142,203,107,12.8,9.2,0.1
bargnan01,2008,22,1861,280,725,261,169,238,88,10.6,9.2,-0.8
bargnan01,2009,23,2453,431,958,291,266,346,135,14.6,10.0,0.7
bargnan01,2010,24,2799,537,1143,325,234,388,120,15.5,10.4,0.9
bargnan01,2011,25,2353,525,1173,223,350,269,152,16.4,8.6,0.4
bassbr01,2006,20,268,28,70,0,19,50,11,9.1,15.1,-0.2
bassbr01,2007,21,162,15,44,1,16,30,10,7.2,15.3,-0.1
bassbr01,2008,22,1557,246,493,4,197,227,82,15.9,12.9,0.6
bassbr01,2009,23,1574,252,508,6,210,238,86,16.4,13.4,0.2
bassbr01,2010,24,648,119,233,0,63,73,31,16.5,11.3,0.2
batumni01,2009,20,1454,161,361,168,52,136,50,12.9,9.4,1.2
batumni01,2010,21,918,139,268,132,51,109,27,17.3,9.5,1.4
batumni01,2011,22,2522,367,807,342,164,252,83,14.8,8.8,2.0
batumni01,2012,23,1791,289,641,274,159,190,90,17.3,8.8,2.0
batumni01,2013,24,2807,352,833,444,210,315,190,15.7,8.5,3.4
baynear01,2013,26,141,18,36,1,12,20,11,8.8,13.1,-0.2
baynear01,2014,27,491,71,163,0,21,88,36,9.7,16.6,-0.5
baynear01,2015,28,1122,185,327,4,104,209,65,15.9,16.1,0.1
baynear01,2016,29,1233,194,384,2,165,244,67,17.8,17.0,0.6
baynear01,2017,30,1163,143,279,0,94,222,50,13.1,15.6,-0.2
bealbr01,2013,19,1745,282,687,236,159,168,90,13.6,6.7,1.0
bealbr01,2014,20,2530,481,1149,343,189,219,128,14.3,6.3,1.0
bealbr01,2015,21,2107,363,851,259,166,184,123,14.0,6.4,1.1
bealbr01,2016,22,1708,359,799,271,176,147,112,15.5,6.2,1.0
bealbr01,2017,23,2684,637,1322,552,342,187,156,20.1,5.0,3.5
beaslmi01,2009,20,2009,452,957,81,241,329,121,17.2,13.1,0.1
beaslmi01,2010,21,2328,468,1040,102,240,375,131,16.1,12.6,0.7
beaslmi01,2011,22,2361,561,1246,164,291,291,195,15.5,9.6,0.1
beaslmi01,2012,23,1087,221,497,101,95,168,80,13.0,10.6,0.0
beaslmi01,2013,24,1554,310,766,144,126,230,144,10.8,10.3,-1.1
bellch01,2002,22,42,3,11,6,2,2,5,-2.2,5.4,-0.1
bellch01,2002,22,2,0,0,0,0,1,0,7.6,27.8,0.0
bellch01,2006,26,1283,180,410,168,89,99,41,14.7,5.6,0.9
bellch01,2007,27,2848,426,974,361,168,181,104,13.1,4.9,0.5
bellch01,2008,28,1628,185,486,217,87,136,76,10.9,6.0,-0.2
bembrde01,2017,22,371,47,98,18,16,45,16,8.8,8.7,-0.1
bembrde01,2018,23,455,53,128,30,33,64,47,7.6,8.8,-0.3
bembrde01,2019,24,1931,275,616,173,136,304,142,10.7,9.7,-0.2
bembrde01,2020,25,915,104,228,65,48,118,60,9.6,8.9,-0.1
bembrde01,2021,26,972,117,228,53,66,113,71,11.2,8.3,0.0
beverpa01,2013,24,713,79,189,96,41,64,44,15.4,8.7,1.0
beverpa01,2014,25,1751,199,481,255,102,124,66,12.4,6.2,1.2
beverpa01,2015,26,1727,204,532,323,60,170,83,11.3,7.6,0.9
beverpa01,2016,27,2041,258,594,310,88,177,91,13.0,6.8,1.1
beverpa01,2017,28,2058,228,543,288,95,298,100,13.0,10.4,1.6
biedran01,2005,18,384,45,78,1,40,71,12,14.8,16.7,0.0
biedran01,2006,19,1000,118,185,0,72,159,34,13.6,15.8,0.1
biedran01,2007,20,2382,348,581,0,167,511,119,16.2,17.5,1.0
biedran01,2008,21,2078,340,543,0,187,488,85,19.2,19.1,1.6
biedran01,2009,22,1863,308,533,1,216,470,110,19.1,20.2,1.5
biyombi01,2012,19,1455,129,278,0,143,255,71,10.6,14.5,-1.0
biyombi01,2013,20,2186,156,346,0,142,388,82,10.1,15.2,-1.3
biyombi01,2014,21,1072,88,144,0,89,261,40,13.3,19.3,0.2
biyombi01,2015,22,1243,101,186,0,175,248,52,15.2,18.0,0.3
biyombi01,2016,23,1808,156,288,1,226,473,71,14.9,20.8,0.8
blairde01,2010,20,1494,275,495,2,161,326,112,17.7,20.6,0.5
blairde01,2011,21,1734,292,583,2,137,350,113,17.1,18.9,0.7
blairde01,2012,22,1363,269,504,1,119,197,92,17.6,14.8,0.6
blairde01,2013,23,851,142,271,1,70,164,49,14.6,15.6,0.1
blairde01,2014,24,1214,210,393,2,121,229,77,17.3,17.5,0.3
blatcan01,2006,19,175,26,67,13,12,26,12,10.1,12.6,-0.1
blatcan01,2007,20,682,86,197,27,49,114,49,12.1,16.1,-0.3
blatcan01,2008,21,1675,254,536,13,154,261,112,15.5,14.9,0.1
blatcan01,2009,22,1703,297,630,21,162,252,117,15.0,13.0,0.0
blatcan01,2010,23,2256,478,999,44,234,351,182,17.6,13.0,1.5
bogdabo01,2018,25,2175,344,772,329,119,192,125,13.5,5.8,0.3
bogdabo01,2019,26,1947,361,863,372,162,203,117,14.1,6.4,0.7
bogdabo01,2020,27,1766,337,766,441,116,181,102,15.2,6.6,1.2
bogdabo01,2021,28,1305,267,565,333,44,140,54,17.6,6.7,1.8
bogdabo01,2022,29,1848,342,794,459,115,221,70,15.4,7.4,1.5
bolbo01,2020,20,87,14,28,9,10,14,10,14.4,12.2,0.0
bolbo01,2021,21,160,25,58,24,15,24,13,9.4,8.5,-0.1
bolbo01,2022,22,81,15,27,4,5,16,4,13.5,13.8,0.0
bolbo01,2023,23,1505,261,478,113,108,336,112,14.4,15.2,0.4
bolbo01,2024,24,469,93,151,52,19,105,19,18.7,16.5,0.5
bonnema01,2005,24,1553,247,463,92,71,177,40,14.7,10.4,0.5
bonnema01,2006,25,1710,209,467,243,76,198,32,13.7,10.2,1.2
bonnema01,2007,26,653,106,237,94,38,92,25,16.4,14.4,0.4
bonnema01,2008,27,853,121,291,137,44,139,39,12.4,13.3,0.1
bonnema01,2009,28,1928,266,536,268,23,289,37,15.0,11.9,2.0
bookede01,2016,19,2108,367,867,289,256,160,160,11.9,4.8,-0.5
bookede01,2017,20,2730,606,1431,405,441,203,241,14.6,5.0,0.1
bookede01,2018,21,1865,455,1054,384,329,218,194,18.1,7.0,1.4
bookede01,2019,22,2242,586,1255,414,454,226,264,20.2,6.5,1.7
bookede01,2020,23,2512,627,1283,398,509,268,264,20.6,6.6,2.6
booketr01,2011,23,1063,139,253,1,101,153,38,15.3,13.5,0.3
booketr01,2012,24,1261,181,341,2,93,206,58,15.4,14.5,0.4
booketr01,2013,25,887,108,220,5,72,141,31,13.9,14.9,0.2
booketr01,2014,26,1553,222,403,2,76,230,58,15.0,14.1,0.7
booketr01,2015,27,1564,226,464,84,148,258,88,15.3,14.7,0.7
boozeca01,2003,21,2049,331,618,1,192,407,103,17.9,16.6,1.0
boozeca01,2004,22,2592,471,900,6,285,627,134,20.8,18.3,2.7
boozeca01,2005,23,1772,361,693,1,268,316,137,19.2,16.0,1.5
boozeca01,2006,24,1025,219,399,0,137,212,69,21.4,16.9,1.1
boozeca01,2007,25,2557,647,1154,0,372,632,194,24.1,20.6,4.3
boshch01,2004,19,2510,327,712,14,288,366,107,15.1,12.8,0.8
boshch01,2005,20,3017,473,1005,10,542,524,187,17.5,13.5,1.4
boshch01,2006,21,2751,549,1087,13,581,443,157,23.2,14.4,3.4
boshch01,2007,22,2658,543,1094,35,590,555,179,22.6,16.4,3.1
boshch01,2008,23,2425,507,1027,25,559,409,153,23.8,14.2,3.9
bouchch01,2018,25,1,0,1,1,0,1,0,-28.5,55.9,0.0
bouchch01,2019,26,163,34,76,37,15,40,7,22.2,18.5,0.2
bouchch01,2020,27,819,141,299,118,116,170,28,20.7,17.9,0.8
bouchch01,2021,28,1453,288,560,235,193,287,46,21.9,15.3,2.0
bouchch01,2022,29,1690,268,577,229,193,315,42,17.9,15.8,0.9
brezepr01,2002,22,160,14,29,0,25,12,6,9.8,9.9,-0.1
brezepr01,2003,23,111,15,38,1,20,10,7,10.9,11.6,-0.1
brezepr01,2004,24,72,12,26,0,6,10,6,9.7,12.3,-0.1
brezepr01,2005,25,2276,387,756,0,220,305,106,16.1,13.3,0.6
brezepr01,2006,26,2165,409,791,2,224,259,85,15.3,11.8,-0.2
brissos01,2020,21,135,13,36,15,10,17,7,6.7,10.2,-0.1
brissos01,2021,22,519,73,151,78,65,86,10,17.2,12.0,0.3
brissos01,2022,23,1564,208,506,237,164,250,54,12.9,12.8,-0.1
brissos01,2023,24,1083,123,319,155,145,156,34,10.6,11.2,-0.3
brissos01,2024,25,630,68,153,55,83,99,20,12.8,13.7,0.0
brogdma01,2017,24,1982,290,635,193,126,166,113,14.9,6.3,0.8
brogdma01,2018,25,1436,244,503,161,85,133,66,14.3,6.4,0.3
brogdma01,2019,26,1832,378,748,244,152,223,91,17.8,8.0,1.9
brogdma01,2020,27,1666,326,744,230,186,216,131,17.7,8.6,1.6
brogdma01,2021,28,1930,444,980,374,177,236,115,17.9,8.3,2.0
brookdi01,2018,22,2350,340,772,264,166,208,124,9.8,6.3,-1.2
brookdi01,2019,23,330,49,122,40,30,22,19,7.6,5.3,-0.4
brookdi01,2020,24,2112,435,1068,411,203,175,124,11.3,6.1,-1.1
brookdi01,2021,25,1997,432,1031,372,195,143,119,12.1,5.2,-0.9
brookdi01,2022,26,885,227,526,149,106,73,50,15.5,6.0,0.0
brownbr01,2019,22,1449,125,314,93,60,137,46,6.9,7.0,-0.5
brownbr01,2020,23,1634,198,447,96,119,213,100,11.9,9.5,0.3
brownbr01,2021,24,1451,235,423,59,117,238,54,16.1,13.3,0.7
brownbr01,2022,25,1774,256,506,94,128,245,56,15.0,10.6,1.2
brownbr01,2023,26,2280,358,741,254,153,265,123,13.3,8.3,0.9
brownde02,2003,24,22,5,10,0,2,3,5,13.8,18.4,0.0
brownde02,2003,24,71,7,25,1,6,7,4,4.8,9.0,-0.1
brownde02,2004,25,627,85,196,14,74,92,38,13.1,11.6,0.1
brownde02,2005,26,1238,173,409,121,130,139,53,14.6,8.3,1.0
brownde02,2006,27,1711,207,527,118,212,134,99,10.3,7.3,-0.6
brownja02,2017,20,1341,192,423,135,124,175,68,10.3,9.1,-0.6
brownja02,2018,21,2152,373,803,306,233,280,124,13.6,8.8,0.8
brownja02,2019,22,1913,368,792,276,202,248,99,13.6,8.7,0.0
brownja02,2020,23,1934,427,887,338,243,302,125,16.9,10.1,1.4
brownja02,2021,24,1999,538,1111,411,250,276,158,19.9,9.7,2.3
brownst02,2018,22,776,82,205,91,24,116,25,9.1,10.8,-0.2
brownst02,2019,23,1034,145,312,147,42,155,46,10.9,9.0,0.1
brownst02,2020,24,767,95,256,136,40,152,42,9.5,11.8,0.0
brownst02,2021,25,1229,150,335,215,31,186,41,11.1,9.7,0.1
brownst02,2022,26,628,59,155,92,15,123,23,8.4,13.2,-0.1
brunsja01,2019,22,1591,264,565,181,120,144,88,12.7,5.7,0.1
brunsja01,2020,23,1022,181,388,120,75,112,66,14.9,6.9,0.3
brunsja01,2021,24,1697,328,627,200,151,204,80,17.1,7.5,1.2
brunsja01,2022,25,2524,506,1008,252,213,266,124,17.1,6.8,1.9
brunsja01,2023,26,2379,587,1195,322,392,201,142,21.2,5.6,3.5
budinch01,2010,21,1488,249,565,249,87,182,48,14.1,8.5,0.9
budinch01,2011,22,1738,279,656,274,138,229,67,14.2,9.2,0.8
budinch01,2012,23,1298,208,471,219,70,179,55,14.9,9.7,1.0
budinch01,2013,24,508,79,191,81,42,56,23,12.6,8.0,0.1
budinch01,2014,25,751,100,254,120,39,84,24,9.7,7.5,-0.1
bynuman01,2006,18,338,33,82,0,27,46,17,7.4,13.9,-0.4
bynuman01,2007,19,1793,247,443,3,214,345,115,15.4,15.8,0.5
bynuman01,2008,20,1008,189,297,0,118,251,52,22.6,19.6,1.6
bynuman01,2009,21,1446,281,502,0,215,261,85,20.0,15.6,1.1
bynuman01,2010,22,1977,392,688,1,261,364,115,20.2,15.3,1.8
caldwke01,2014,20,1583,182,460,185,61,118,28,9.4,5.4,-0.2
caldwke01,2015,21,2587,390,972,444,158,209,94,11.2,5.4,0.2
caldwke01,2016,22,2789,403,960,369,228,212,105,12.4,5.5,1.2
caldwke01,2017,23,2529,370,928,437,185,193,86,12.8,5.3,1.1
caldwke01,2018,24,2458,340,798,415,194,327,97,13.2,8.4,1.4
capelca01,2015,20,90,14,29,0,23,26,5,12.1,22.1,-0.1
capelca01,2016,21,1471,231,397,1,211,300,60,18.3,18.5,0.6
capelca01,2017,22,1551,362,563,0,177,348,87,21.4,18.5,1.2
capelca01,2018,23,2034,441,676,1,257,561,103,24.5,22.2,2.8
capelca01,2019,24,2249,474,732,0,261,550,94,23.8,20.8,2.8
carusal01,2018,23,562,50,116,43,30,50,42,8.7,6.2,-0.1
carusal01,2019,24,531,77,173,50,64,47,42,13.9,6.5,0.2
carusal01,2020,25,1175,120,291,120,94,106,53,10.8,5.7,0.5
carusal01,2021,26,1216,133,305,137,76,139,76,11.1,7.9,0.6
carusal01,2022,27,1147,102,256,126,73,115,57,11.7,7.3,0.6
clarkbr01,2020,23,1300,296,479,64,112,253,55,20.9,14.0,1.7
clarkbr01,2021,24,1415,256,495,77,113,231,33,17.3,12.3,1.3
clarkbr01,2022,25,1246,288,447,22,130,207,34,23.7,14.4,2.0
clarkbr01,2023,26,1090,229,349,6,137,218,55,20.0,15.1,1.3
clarkbr01,2024,27,134,33,59,6,7,19,3,18.9,13.1,0.1
claxtni01,2020,20,187,27,48,7,21,25,9,14.8,12.2,0.1
claxtni01,2021,21,594,90,145,5,64,123,18,16.9,15.4,0.4
claxtni01,2022,22,974,178,264,0,93,173,38,18.6,14.8,0.6
claxtni01,2023,23,2271,414,587,2,246,518,96,20.8,17.4,2.9
claxtni01,2024,24,2116,366,582,5,196,513,93,18.7,18.2,1.7
coffeam01,2020,22,159,23,54,19,11,12,8,8.5,5.2,-0.1
coffeam01,2021,23,394,45,103,56,38,34,15,10.1,6.3,0.0
coffeam01,2022,24,1567,211,466,254,117,171,45,13.0,6.7,0.7
coffeam01,2023,25,625,56,145,40,63,36,21,7.0,4.7,-0.5
coffeam01,2024,26,1460,166,352,184,71,119,33,10.0,5.7,-0.1
collija03,2002,23,1440,158,343,1,181,158,56,11.5,12.4,-0.5
collija03,2003,24,421,38,86,1,62,28,19,8.2,8.6,-0.2
collija03,2004,25,1732,147,295,1,262,199,79,11.1,11.3,0.0
collija03,2005,26,961,65,157,1,119,107,34,8.0,10.6,-0.4
collija03,2006,27,1730,129,280,0,219,199,61,11.0,11.7,-0.1
collijo01,2018,20,1785,314,545,47,186,365,105,18.3,16.9,0.8
collijo01,2019,21,1829,465,831,158,266,376,120,21.8,17.1,1.3
collijo01,2020,22,1363,353,605,147,150,300,75,23.5,16.4,1.7
collijo01,2021,23,1848,429,771,208,204,349,84,20.6,13.8,2.0
collijo01,2022,24,1663,339,644,176,169,329,60,18.7,13.9,1.5
collini01,2005,24,1396,190,354,3,118,220,62,15.0,16.5,0.1
collini01,2006,25,1448,207,394,3,113,225,77,14.0,15.4,-0.4
collini01,2007,26,2378,318,636,2,199,437,123,14.2,16.8,-0.3
collini01,2008,27,2223,322,641,2,167,476,118,15.0,17.9,0.3
collini01,2009,28,1831,243,428,2,136,308,73,14.8,15.4,0.4
connapa01,2016,23,143,13,49,21,5,21,10,4.6,12.1,-0.2
connapa01,2017,24,316,37,72,33,9,42,17,11.8,9.1,0.1
connapa01,2018,25,1488,165,390,210,44,125,43,9.3,5.9,0.1
connapa01,2019,26,1261,163,350,200,40,197,33,13.6,10.4,1.0
connapa01,2020,27,1243,137,301,166,40,224,52,11.5,11.3,0.8
cookda02,2008,20,1441,196,514,238,57,157,63,7.9,7.4,-1.2
cookda02,2009,21,1833,242,645,395,56,170,42,10.3,6.2,0.0
cookda02,2010,22,691,81,253,126,25,73,24,7.5,7.0,-0.2
cookda02,2011,23,598,79,181,154,20,64,17,12.8,7.0,0.5
cookda02,2012,24,989,109,296,228,22,110,16,9.2,7.0,0.2
crabbal01,2014,21,100,12,33,14,4,8,3,7.7,4.8,-0.1
crabbal01,2015,22,683,63,153,85,16,66,15,8.7,5.7,0.2
crabbal01,2016,23,2105,311,678,285,113,189,64,12.2,5.6,0.5
crabbal01,2017,24,2254,303,647,302,124,207,62,11.6,5.6,0.4
crabbal01,2018,25,2197,337,827,532,135,296,78,12.3,7.8,0.7
curryst01,2010,21,2896,528,1143,380,200,308,243,16.3,6.8,2.0
curryst01,2011,22,2489,505,1053,342,227,234,226,19.4,6.5,2.7
curryst01,2012,23,732,145,296,121,47,73,65,21.2,6.8,1.2
curryst01,2013,24,2983,626,1388,600,291,255,240,21.3,5.8,5.6
curryst01,2014,25,2846,652,1383,615,348,288,294,24.1,6.4,6.7
daniema01,2004,23,1039,203,411,36,78,80,44,20.1,7.6,1.1
daniema01,2005,24,1412,220,504,35,133,129,86,14.6,8.6,0.9
daniema01,2006,25,1766,246,512,19,183,143,100,14.9,7.6,1.1
daniema01,2007,26,800,129,281,26,80,56,55,11.6,5.9,-0.1
daniema01,2008,27,1546,241,561,102,139,146,112,11.6,7.5,-0.1
davisan02,2013,19,1846,349,676,6,225,357,89,21.7,16.8,2.1
davisan02,2014,20,2358,522,1005,9,440,466,109,26.5,16.6,4.0
davisan02,2015,21,2455,642,1199,12,461,523,95,30.8,16.1,6.7
davisan02,2016,22,2164,560,1136,108,430,497,121,25.0,16.1,3.2
davisan02,2017,23,2708,770,1526,134,647,712,181,27.5,17.2,5.4
derozde01,2010,20,1664,255,512,16,194,157,62,12.5,7.9,-0.3
derozde01,2011,21,2851,539,1154,52,402,240,144,14.5,6.5,-0.3
derozde01,2012,22,2206,381,903,92,331,171,123,12.8,5.6,-0.4
derozde01,2013,23,3013,548,1231,120,427,272,151,14.7,6.3,0.4
derozde01,2014,24,3017,604,1407,210,630,292,176,18.4,6.6,2.8
dinwisp01,2015,21,455,51,169,65,34,44,33,10.2,5.7,-0.1
dinwisp01,2016,22,159,19,54,10,33,13,7,8.9,5.8,-0.1
dinwisp01,2017,23,1334,134,302,101,159,137,66,12.7,6.5,0.4
dinwisp01,2018,24,2306,324,838,433,268,219,128,15.9,6.0,1.5
dinwisp01,2019,25,1914,366,828,370,356,140,152,16.3,4.6,1.3
doncilu01,2019,19,2318,506,1186,514,485,477,247,19.6,13.0,3.4
doncilu01,2020,20,2047,581,1255,541,562,495,260,27.6,14.7,5.4
doncilu01,2021,21,2262,647,1351,548,471,473,281,25.3,12.8,5.1
doncilu01,2022,22,2301,641,1403,569,489,537,292,25.1,14.3,5.9
doncilu01,2023,23,2391,719,1449,541,694,515,236,28.7,13.8,6.6
dortlu01,2020,20,820,86,218,101,53,57,22,7.6,5.5,-0.4
dortlu01,2021,21,1543,247,639,329,164,151,79,10.1,6.4,-0.6
dortlu01,2022,22,1665,293,726,391,191,174,88,12.3,6.5,-0.1
dortlu01,2023,23,2272,339,873,409,259,216,92,11.3,8.1,-0.6
dortlu01,2024,24,2246,288,657,396,155,210,74,11.1,7.0,0.2
dotsoda01,2018,23,474,72,161,68,23,75,17,11.6,9.8,0.0
dotsoda01,2019,24,2004,290,698,342,98,228,71,10.8,6.8,-0.3
dotsoda01,2020,25,836,120,290,163,33,81,21,10.9,5.8,0.1
dotsoda01,2021,26,907,119,293,159,36,88,42,8.1,5.7,-0.6
dotsoda01,2022,27,21,2,4,1,0,2,0,6.4,5.1,0.0
doziepj01,2018,21,3,1,2,0,0,1,1,-5.0,18.5,0.0
doziepj01,2019,22,51,8,21,8,2,11,0,16.0,17.8,0.0
doziepj01,2020,23,412,65,157,49,29,45,27,11.6,7.5,-0.2
doziepj01,2021,24,1088,148,355,149,66,147,46,10.4,9.5,-0.2
doziepj01,2022,25,340,36,99,48,13,49,13,8.7,10.3,0.0
duhonch01,2005,22,2177,172,488,265,67,190,119,9.8,5.5,0.7
duhonch01,2006,23,2155,215,538,278,143,192,117,12.9,5.9,1.5
duhonch01,2007,24,1906,197,483,245,101,146,105,11.9,5.1,1.2
duhonch01,2008,25,1490,133,344,155,80,97,71,11.1,4.4,0.1
duhonch01,2009,26,2906,287,681,325,209,201,221,12.2,4.6,0.3
dunnkr01,2017,22,1333,118,313,73,59,142,89,8.1,7.3,-0.3
dunnkr01,2018,23,1525,286,666,134,114,197,150,14.5,7.8,0.3
dunnkr01,2019,24,1389,215,506,96,69,168,104,12.4,7.3,-0.2
dunnkr01,2020,25,1269,152,342,112,54,163,68,12.1,8.1,0.4
dunnkr01,2021,26,45,1,12,2,4,6,3,-5.7,7.3,-0.1
embiijo01,2017,22,786,200,429,98,244,182,117,24.1,17.0,1.3
embiijo01,2018,23,1912,510,1056,214,467,547,234,22.9,19.4,2.6
embiijo01,2019,24,2154,580,1199,263,649,711,226,26.1,21.4,3.8
embiijo01,2020,25,1506,382,801,172,435,452,159,25.8,21.7,2.5
embiijo01,2021,26,1585,461,899,154,548,426,159,30.3,18.7,3.8
farieke01,2012,22,1037,181,309,0,164,210,54,21.9,19.8,1.1
farieke01,2013,23,2248,380,689,0,266,474,113,18.5,18.3,1.7
farieke01,2014,24,2178,447,820,3,311,446,135,19.8,16.9,1.6
farieke01,2015,25,2086,373,736,8,288,426,118,18.4,17.3,1.0
farieke01,2016,26,1694,349,626,2,222,346,91,21.0,19.0,1.0
favorde01,2011,19,1091,141,276,0,116,171,56,12.6,16.1,-0.5
favorde01,2011,19,444,74,140,0,57,70,21,16.8,15.6,0.0
favorde01,2012,20,1376,222,445,0,194,267,103,17.1,17.7,0.3
favorde01,2013,21,1787,274,568,5,260,362,129,17.5,17.9,0.7
favorde01,2014,22,2201,390,747,1,284,438,129,19.0,16.7,1.2
feliccr01,2016,23,321,40,72,4,35,72,13,17.6,16.7,0.2
feliccr01,2017,24,1040,128,221,0,93,187,33,15.3,16.1,0.3
feliccr01,2018,25,977,127,215,2,81,150,54,12.5,12.8,-0.5
feliccr01,2019,26,746,95,179,4,73,139,33,13.4,15.9,-0.4
feliccr01,2020,27,386,34,54,2,23,47,18,12.8,14.6,-0.1
fesenky01,2008,21,70,6,16,0,4,11,8,4.0,21.8,-0.2
fesenky01,2009,22,156,21,36,0,21,23,9,13.0,14.2,-0.1
fesenky01,2010,23,408,52,95,1,57,57,24,9.7,13.1,-0.3
fesenky01,2011,24,456,44,100,1,46,74,25,5.8,14.3,-0.6
fesenky01,2012,25,17,2,5,0,6,7,0,29.8,29.8,0.0
fieldla01,2011,22,2541,299,602,219,147,416,107,13.5,11.7,1.4
fieldla01,2012,23,1894,236,513,121,137,219,102,12.0,8.5,1.0
fieldla01,2013,24,1037,102,223,14,53,149,42,10.3,11.9,0.1
fieldla01,2014,25,322,27,67,5,22,44,11,8.6,10.7,0.1
fieldla01,2015,26,216,20,41,2,6,16,8,10.8,6.9,0.1
foxde01,2018,20,2026,328,797,153,195,171,173,11.2,5.7,-1.1
foxde01,2019,21,2546,505,1102,232,417,261,227,18.1,6.2,2.3
foxde01,2020,22,1634,391,815,185,342,161,158,20.6,6.8,1.6
foxde01,2021,23,2036,529,1110,320,417,170,174,20.7,5.5,2.0
foxde01,2022,24,2084,516,1092,249,348,206,168,17.4,6.0,0.7
fultzma01,2018,19,253,45,111,1,21,32,17,12.4,9.2,0.0
fultzma01,2019,20,427,65,155,14,37,44,25,10.5,8.7,-0.1
fultzma01,2020,21,1996,359,772,135,159,197,147,14.3,6.4,0.1
fultzma01,2021,22,215,41,104,16,19,20,18,12.0,6.0,-0.1
fultzma01,2022,23,360,83,175,17,31,45,40,17.7,7.2,0.2
garlada01,2020,20,1824,280,699,296,72,84,151,8.5,3.4,-1.7
garlada01,2021,21,1790,362,802,266,132,106,164,14.2,4.0,-0.1
garlada01,2022,22,2430,542,1173,454,241,185,248,19.0,5.1,2.8
garlada01,2023,23,2447,522,1129,412,321,157,199,18.8,4.5,2.7
garlada01,2024,24,1901,375,841,356,175,122,176,14.5,4.5,0.5
georgpa01,2011,20,1265,179,395,138,101,187,70,13.0,9.8,0.6
georgpa01,2012,21,1958,281,639,234,182,314,117,16.5,10.6,2.7
georgpa01,2013,22,2972,493,1176,469,274,515,233,16.8,11.3,4.4
georgpa01,2014,23,2898,577,1362,500,464,478,224,20.1,10.5,5.0
georgpa01,2015,24,91,18,49,22,11,18,12,13.0,13.4,0.0
gibsoda01,2007,20,988,98,231,124,39,64,44,9.4,5.4,0.3
gibsoda01,2008,21,1765,201,465,268,105,104,76,11.7,4.3,0.7
gibsoda01,2009,22,1795,206,527,283,86,124,61,10.1,5.1,0.4
gibsoda01,2010,23,1068,125,268,149,49,60,36,11.3,4.1,0.5
gibsoda01,2011,24,1865,264,660,293,163,153,80,13.2,5.5,0.8
gilgesh01,2019,20,2174,341,716,139,195,175,141,13.4,5.7,0.8
gilgesh01,2020,21,2428,478,1015,251,357,365,134,17.7,9.4,2.2
gilgesh01,2021,22,1180,287,565,170,229,147,106,21.6,7.3,1.8
gilgesh01,2022,23,1942,477,1052,297,405,241,154,20.9,7.4,2.7
gilgesh01,2023,24,2416,704,1381,168,739,270,192,27.2,7.3,5.6
ginobma01,2003,25,1431,174,397,148,171,114,100,14.7,6.5,1.4
ginobma01,2004,26,2260,330,789,245,298,258,161,18.5,8.5,3.8
ginobma01,2005,27,2193,367,780,258,442,254,172,22.3,8.8,4.9
ginobma01,2006,28,1813,309,669,217,360,188,121,22.4,7.5,4.1
ginobma01,2007,29,2060,396,854,323,372,268,157,24.1,9.6,5.1
goberru01,2014,21,434,36,74,0,65,104,32,12.9,20.6,-0.1
goberru01,2015,22,2158,258,427,2,273,510,111,21.6,20.7,3.4
goberru01,2016,23,1932,198,354,0,283,460,114,17.5,20.2,2.0
goberru01,2017,24,2744,413,625,1,476,721,147,23.3,21.8,4.4
goberru01,2018,25,1816,276,444,0,299,436,107,20.7,18.8,2.5
gordobe01,2005,21,2002,434,1056,331,270,160,186,14.9,6.0,1.4
gordobe01,2006,22,2482,486,1152,382,268,176,180,14.5,5.1,1.6
gordobe01,2007,23,2704,609,1338,375,440,223,249,18.2,5.4,3.0
gordobe01,2008,24,2291,464,1069,346,293,181,150,16.4,5.4,1.7
gordobe01,2009,25,2999,598,1315,422,382,231,200,17.0,5.4,2.3
grahajo01,2006,23,1581,198,414,87,133,187,92,10.2,9.4,-0.7
grahajo01,2007,24,1319,192,388,31,131,193,49,12.9,11.0,0.0
grahajo01,2008,25,331,49,113,3,45,49,23,10.3,12.0,-0.4
grahajo01,2009,26,1541,231,480,16,160,197,74,11.9,11.1,-0.6
grahajo01,2010,27,759,105,202,13,73,84,43,10.6,9.3,-0.2
grahast01,2006,23,38,6,16,5,4,6,5,9.7,10.8,0.0
grahast01,2006,23,20,1,5,4,2,3,1,2.4,8.6,0.0
grahast01,2006,23,117,14,33,1,9,13,7,6.7,8.6,-0.1
grahast01,2007,24,165,17,40,11,9,15,13,5.4,7.9,-0.2
grahast01,2008,25,128,34,58,14,16,18,10,21.9,9.3,0.2
grantje02,2016,23,1265,154,391,100,123,120,87,11.2,6.2,-0.3
grantje02,2017,24,1028,128,301,134,73,94,44,13.2,5.8,0.6
grantje02,2018,25,1686,209,503,187,188,141,89,14.3,5.5,0.3
grantje02,2019,26,939,92,220,110,40,79,51,10.8,5.6,0.1
grantje02,2020,27,80,10,27,8,7,4,3,6.6,4.1,-0.1
greendr01,2013,22,1061,84,257,67,55,202,51,7.1,13.5,-0.4
greendr01,2014,23,1797,187,459,165,123,323,91,12.7,12.4,1.8
greendr01,2015,24,2490,339,765,329,200,533,133,16.4,14.0,3.5
greendr01,2016,25,2808,401,819,258,329,635,259,19.3,14.7,5.3
greendr01,2017,26,2471,272,650,263,213,501,184,16.5,13.3,4.3
greenwi01,2004,22,767,143,357,61,81,49,59,10.8,5.0,-0.3
greenwi01,2005,23,1066,155,423,105,125,111,75,9.6,7.0,-0.6
greenwi01,2006,24,153,28,66,19,5,14,12,8.6,5.7,-0.2
greenwi01,2007,25,1842,357,868,157,111,116,106,10.3,5.1,-1.2
greenwi01,2008,26,1970,379,870,179,148,150,109,12.8,5.5,0.2
hansbty01,2010,24,511,81,225,4,113,78,21,14.6,14.7,-0.2
hansbty01,2011,25,1535,285,613,2,253,221,76,16.4,13.2,0.0
hansbty01,2012,26,1442,194,479,1,278,177,65,14.7,11.3,0.1
hansbty01,2013,27,1366,176,407,3,300,212,78,15.3,15.2,0.0
hansbty01,2014,28,978,93,196,2,185,167,47,14.2,17.1,0.0
harrijo01,2015,23,493,48,120,84,15,34,27,5.6,4.8,-0.4
harrijo01,2016,24,15,1,4,4,0,3,1,3.4,11.3,0.0
harrijo01,2017,25,1138,154,362,221,49,131,55,9.0,6.8,-0.4
harrijo01,2018,26,1975,305,621,358,104,209,91,13.3,7.0,1.0
harrijo01,2019,27,2293,374,748,386,133,239,121,13.5,6.7,1.4
harriot01,2001,27,1267,180,386,3,154,187,104,11.7,13.1,-0.6
harriot01,2001,27,548,67,121,0,70,62,41,12.9,10.9,0.1
harriot01,2002,28,1563,237,450,2,172,224,95,13.0,12.9,-0.4
harriot01,2003,29,1850,225,443,0,150,311,90,12.3,15.1,-0.4
harriot01,2004,30,872,100,202,0,78,119,65,9.0,11.7,-0.6
hasleud01,2004,23,1795,205,447,3,183,284,74,13.7,15.4,0.0
hasleud01,2005,24,2675,346,641,4,225,487,113,15.5,15.8,1.6
hasleud01,2006,25,2491,300,591,2,199,467,80,13.7,15.0,0.9
hasleud01,2007,26,2483,353,717,4,203,466,110,13.7,15.5,-0.2
hasleud01,2008,27,1805,237,507,0,142,336,67,12.7,14.7,-0.3
hayesja01,2004,22,2044,278,695,131,98,193,110,9.4,7.2,-1.1
hayesja01,2005,23,1560,206,530,123,118,186,62,11.1,8.2,-0.2
hayesja01,2006,24,516,77,183,47,30,57,22,12.2,8.6,0.1
hayesja01,2007,25,1626,224,546,183,84,168,56,10.7,7.4,-0.3
hayesja01,2008,26,1287,217,504,194,60,143,47,13.0,8.3,0.5
hayesja02,2020,19,1080,174,259,4,190,162,53,17.6,12.7,0.5
hayesja02,2021,20,964,175,280,14,120,165,39,19.1,14.5,0.6
hayesja02,2022,21,1398,245,398,57,188,200,54,18.5,12.5,0.8
hayesja02,2023,22,610,86,156,29,83,93,31,13.7,12.3,0.1
hayesja02,2024,23,877,126,175,8,82,142,43,14.0,13.4,0.0
haywago01,2011,20,1218,142,293,74,97,98,70,10.7,6.9,-0.1
haywago01,2012,21,2015,267,586,159,232,171,109,15.5,6.6,1.8
haywago01,2013,22,2104,336,773,246,294,174,120,16.8,6.3,2.1
haywago01,2014,23,2800,426,1032,280,381,329,212,16.2,8.0,2.0
haywago01,2015,24,2618,484,1087,330,462,319,206,20.2,8.2,4.0
hendege02,2010,22,355,37,104,19,47,40,14,9.7,9.3,0.0
hendege02,2011,23,1661,259,570,36,163,158,64,13.2,7.5,0.1
hendege02,2012,24,1831,332,723,47,204,161,100,14.0,7.0,-0.3
hendege02,2013,25,2133,382,855,100,313,195,108,16.4,6.7,0.5
hendege02,2014,26,2461,403,930,115,309,279,113,13.1,7.1,0.3
henryxa01,2011,19,527,65,160,17,52,28,13,7.0,4.2,-0.4
henryxa01,2012,20,759,90,228,17,85,82,35,9.2,8.3,-0.4
henryxa01,2013,21,625,66,161,11,92,69,31,7.6,8.6,-0.6
henryxa01,2014,22,908,144,345,81,177,89,57,12.3,6.7,-0.2
henryxa01,2015,23,86,3,13,0,24,2,3,4.9,2.6,-0.1
hensojo01,2013,22,827,162,336,3,105,181,47,18.2,19.3,0.1
hensojo01,2014,23,1856,344,639,1,177,326,114,17.9,15.3,0.7
hensojo01,2015,24,1228,196,346,0,137,188,87,18.0,14.5,0.8
hensojo01,2016,25,960,164,291,1,117,134,64,18.6,13.2,0.5
hensojo01,2017,26,1123,159,309,1,107,203,52,15.3,15.3,0.1
herroty01,2020,20,1508,270,631,298,100,208,87,12.5,8.3,0.1
herroty01,2021,21,1635,307,699,297,117,243,101,13.3,9.4,0.3
herroty01,2022,22,2151,501,1122,439,219,297,174,16.2,8.7,1.5
herroty01,2023,23,2337,487,1109,537,182,333,158,15.3,9.0,1.6
herroty01,2024,24,1407,324,735,333,111,203,93,15.7,8.9,1.0
hezonma01,2016,20,1413,181,418,192,54,148,97,9.4,6.9,-0.4
hezonma01,2017,21,960,117,330,144,50,126,58,7.2,8.3,-0.7
hezonma01,2018,22,1657,273,617,267,105,240,86,13.7,9.3,0.6
hezonma01,2019,23,1206,191,464,152,114,211,88,10.8,10.4,-0.5
hezonma01,2020,24,871,92,218,78,59,154,42,9.5,11.0,-0.2
hibbero01,2009,22,1009,198,420,0,147,128,55,16.1,13.3,-0.3
hibbero01,2010,23,2035,387,782,6,224,287,145,16.2,12.4,0.6
hibbero01,2011,24,2244,410,890,4,275,428,185,15.9,15.1,0.5
hibbero01,2012,25,1937,332,668,1,239,359,128,19.3,16.6,1.7
hibbero01,2013,26,2269,385,859,4,224,360,162,17.3,16.1,0.9
holidjr01,2010,19,1767,230,520,159,86,135,156,12.3,6.4,0.1
holidjr01,2011,20,2901,446,999,222,209,264,218,15.4,6.6,2.0
holidjr01,2012,21,2196,360,834,171,120,155,135,14.7,5.4,1.3
holidjr01,2013,22,2926,555,1288,247,242,240,292,16.7,6.4,1.9
holidjr01,2014,23,1143,203,454,77,63,114,105,17.1,7.2,0.7
holliro01,2016,21,615,63,138,14,52,115,26,14.2,14.1,0.4
holliro01,2017,22,1761,235,542,67,253,356,116,13.7,13.6,0.3
holliro01,2018,23,1920,342,724,54,316,358,121,16.9,12.7,1.0
holliro01,2019,24,1234,200,487,49,183,227,68,12.5,13.2,-0.2
holliro01,2020,25,1122,155,329,23,143,173,59,15.1,13.3,0.6
holmeri01,2016,22,702,114,222,44,74,73,32,15.9,10.5,0.1
holmeri01,2017,23,1193,230,412,77,103,217,55,18.6,14.4,0.9
holmeri01,2018,24,746,135,241,31,56,154,25,17.4,15.2,0.6
holmeri01,2019,25,1184,222,365,0,175,216,52,20.7,15.5,0.8
holmeri01,2020,26,1242,223,344,0,118,231,52,19.7,16.2,0.9
horfoal01,2008,21,2540,333,668,5,212,537,137,14.7,18.0,0.3
horfoal01,2009,22,2242,312,594,1,205,479,103,17.0,16.3,2.1
horfoal01,2010,23,2845,467,847,1,270,563,122,19.4,16.4,3.1
horfoal01,2011,24,2704,513,921,4,188,536,119,20.7,16.0,3.9
horfoal01,2012,25,348,57,103,1,30,51,16,19.0,13.0,0.5
hortota01,2020,19,81,14,30,13,4,5,6,12.3,4.7,0.0
hortota01,2021,20,1304,224,489,131,129,144,105,12.9,7.3,0.3
hortota01,2022,21,1511,224,538,182,125,156,82,11.0,6.9,-0.5
hortota01,2023,22,1313,257,613,203,168,169,126,13.7,8.6,0.2
hortota01,2024,23,1009,184,465,182,109,100,65,13.4,6.6,0.2
howardw01,2005,19,2670,352,677,2,413,536,165,17.2,17.3,1.4
howardw01,2006,20,3021,468,881,2,598,734,217,19.3,20.9,2.3
howardw01,2007,21,3023,526,873,2,666,725,317,21.1,20.5,3.7
howardw01,2008,22,3088,583,974,4,897,882,263,22.9,21.7,3.7
howardw01,2009,23,2821,560,979,2,849,757,240,25.4,21.8,4.7
huertke01,2019,20,2048,275,657,353,56,185,109,10.1,6.3,-0.2
huertke01,2020,21,1760,252,610,334,64,193,87,11.5,7.0,0.2
huertke01,2021,22,2126,316,731,386,64,193,79,12.2,6.0,1.0
huertke01,2022,23,2188,345,760,411,52,222,91,11.9,6.4,0.4
huertke01,2023,24,2203,420,866,510,131,209,97,15.2,6.5,1.7
huntede01,2020,22,2018,280,683,304,144,242,103,8.6,7.6,-1.4
huntede01,2021,23,678,120,248,95,85,93,29,15.7,8.9,0.5
huntede01,2022,24,1577,254,575,195,166,150,69,10.6,6.1,-0.8
huntede01,2023,25,2126,379,822,286,207,238,82,11.5,7.3,-0.7
huntede01,2024,26,1681,304,663,304,196,191,83,12.7,7.2,-0.2
iguodan01,2005,21,2686,269,546,142,210,375,139,13.5,9.7,2.3
iguodan01,2006,22,3086,344,688,158,349,364,153,14.8,9.1,2.0
iguodan01,2007,23,3062,443,991,155,551,357,261,18.1,8.5,3.4
iguodan01,2008,24,3242,582,1277,307,506,361,214,19.0,8.2,4.9
iguodan01,2009,25,3269,542,1147,261,521,379,222,18.4,8.6,4.3
inglejo01,2015,27,1673,147,354,202,40,153,98,9.6,6.0,0.3
inglejo01,2016,28,1241,124,291,210,18,132,65,10.3,7.1,0.7
inglejo01,2017,29,1972,204,451,279,68,238,107,12.4,7.6,1.8
inglejo01,2018,30,2578,335,718,464,83,320,159,14.4,7.6,2.8
inglejo01,2019,31,2568,359,802,483,123,295,193,13.4,7.0,2.2
ingrabr01,2017,19,2279,276,686,187,214,256,116,8.5,7.6,-1.4
ingrabr01,2018,20,1975,358,761,105,282,257,149,13.8,8.5,0.4
ingrabr01,2019,21,1760,362,729,94,289,226,129,13.4,7.8,0.0
ingrabr01,2020,22,2104,507,1096,384,368,329,189,18.8,9.6,2.2
ingrabr01,2021,23,2093,513,1101,375,320,265,154,19.2,7.8,2.2
jacksfr01,2019,20,1169,194,447,169,73,109,48,9.4,5.9,-0.8
jacksfr01,2020,21,797,134,331,144,75,61,49,9.1,5.5,-0.7
jacksfr01,2021,22,738,134,293,150,75,71,34,13.2,6.5,0.1
jacksfr01,2022,23,1164,194,483,279,104,68,38,10.6,4.0,-0.4
jacksfr01,2023,24,5,0,3,1,0,1,0,-6.8,21.6,0.0
jacksja02,2019,19,1515,298,589,142,197,199,98,16.4,10.1,0.7
jacksja02,2020,20,1622,353,753,368,186,207,99,16.3,8.5,1.0
jacksja02,2021,21,258,53,125,60,42,45,15,18.0,12.7,0.1
jacksja02,2022,22,2126,430,1036,401,345,335,130,17.0,11.2,1.0
jacksja02,2023,23,1787,416,822,282,306,318,107,21.6,12.6,2.2
jamesje01,2002,26,949,134,273,0,60,143,74,11.9,14.4,-0.5
jamesje01,2003,27,766,111,232,0,92,138,75,13.1,16.6,-0.4
jamesje01,2004,28,990,129,259,0,100,152,82,11.3,13.7,-0.7
jamesje01,2005,29,1330,174,342,2,65,160,88,10.0,11.1,-0.6
jamesje01,2006,30,406,56,121,0,40,52,51,6.3,13.6,-0.8
jamesle01,2004,19,3122,622,1492,217,460,333,273,18.3,7.6,2.9
jamesle01,2005,20,3388,795,1684,308,636,477,262,25.7,10.2,9.1
jamesle01,2006,21,3361,875,1823,379,814,481,260,28.1,9.8,9.4
jamesle01,2007,22,3190,772,1621,310,701,443,250,24.5,9.6,8.1
jamesle01,2008,23,3027,794,1642,359,771,459,255,29.1,11.1,9.8
jaricma01,2003,24,1379,179,446,166,105,125,103,14.4,6.6,0.8
jaricma01,2004,25,1760,185,477,150,101,131,115,12.6,5.7,0.6
jaricma01,2005,26,1656,189,457,151,82,141,98,13.9,5.8,1.3
jaricma01,2006,27,2102,226,566,133,138,173,127,11.7,6.7,0.7
jaricma01,2007,28,1555,136,325,85,88,130,88,9.6,7.1,0.1
jeffeal01,2005,20,1051,195,369,3,135,193,66,16.6,17.3,-0.1
jeffeal01,2006,21,1062,189,379,4,134,202,62,16.2,17.2,0.0
jeffeal01,2007,22,2319,453,882,1,295,519,136,19.8,19.5,1.6
jeffeal01,2008,23,2919,721,1441,5,394,603,167,22.7,18.1,2.6
jeffeal01,2009,24,1836,485,975,4,252,376,92,23.1,17.5,2.1
jeromty01,2020,22,328,38,113,50,16,39,18,7.9,7.8,-0.1
jeromty01,2021,23,788,128,287,168,34,81,47,13.4,6.0,0.3
jeromty01,2022,24,801,124,328,186,47,59,37,11.3,5.0,-0.1
jeromty01,2023,25,816,118,242,90,41,71,30,12.8,5.3,0.3
jeromty01,2024,26,15,2,4,1,0,0,1,7.6,3.7,0.0
jianlyi01,2008,20,1647,219,520,21,145,238,90,11.3,12.3,-0.8
jianlyi01,2009,21,1421,191,500,140,123,259,70,10.9,13.7,-0.7
jianlyi01,2010,22,1655,227,563,41,193,257,77,12.3,13.0,-0.9
jianlyi01,2011,23,1112,145,347,13,91,169,51,10.1,12.7,-0.9
jianlyi01,2012,24,203,31,82,10,21,37,14,10.4,13.6,-0.2
johnsam01,2006,18,39,7,10,3,4,1,4,20.3,6.1,0.0
johnsam01,2007,19,124,18,33,3,14,22,9,20.6,17.7,0.1
johnsam01,2008,20,764,92,165,0,55,148,39,17.5,18.4,0.6
johnsam01,2009,21,911,97,163,0,35,130,33,13.5,15.1,0.1
johnsam01,2010,22,1453,208,334,4,149,241,63,16.7,16.1,0.5
johnske04,2020,20,301,53,89,22,44,47,13,19.1,10.2,0.3
johnske04,2021,21,1968,338,705,181,196,319,78,13.8,11.1,0.2
johnske04,2022,22,2392,471,1011,399,234,377,92,15.2,10.0,0.9
johnske04,2023,23,2063,503,1113,407,327,262,134,15.3,8.4,0.1
johnske04,2024,24,2038,391,862,367,221,282,100,14.2,10.0,0.2
johnswe01,2011,23,2069,271,682,289,92,189,95,10.2,6.4,0.2
johnswe01,2012,24,1469,158,397,169,34,153,60,8.0,6.7,0.0
johnswe01,2013,25,953,161,396,155,35,102,48,10.3,7.3,-0.3
johnswe01,2014,26,2240,277,651,271,77,278,90,11.0,8.3,0.5
johnswe01,2015,27,2245,286,691,259,112,252,87,11.1,7.8,0.1
jokicni01,2016,20,1733,307,600,84,190,379,104,21.5,17.9,2.6
jokicni01,2017,21,2038,494,854,139,228,506,171,26.3,19.5,4.8
jokicni01,2018,22,2443,504,1010,280,313,608,210,24.4,18.5,5.5
jokicni01,2019,23,2504,616,1206,270,352,637,248,26.3,18.7,7.0
jokicni01,2020,24,2336,565,1071,255,301,545,226,24.9,17.1,5.5
jonesdw02,2006,22,87,4,10,0,13,21,3,9.2,21.7,-0.1
jonesdw02,2007,23,18,0,1,0,6,5,2,-0.5,19.4,0.0
jonesdw02,2008,24,472,25,47,1,58,71,17,11.1,16.9,-0.2
jonesdw02,2009,25,52,4,7,0,6,6,4,8.0,14.3,0.0
jonesdw02,2010,26,7,0,0,0,0,2,0,1.4,16.1,0.0
jonesja02,2004,23,26,2,9,4,2,2,0,4.9,4.5,0.0
jonesja02,2005,24,1330,126,318,166,62,135,43,10.5,7.8,0.6
jonesja02,2006,25,1772,243,581,285,121,209,35,13.2,7.9,0.9
jonesja02,2007,26,1376,162,440,238,81,143,28,10.8,7.5,0.5
jonesja02,2008,27,1276,143,327,205,98,118,28,13.6,7.4,1.1
jonesty01,2016,19,573,56,156,53,39,40,33,11.2,4.8,-0.1
jonesty01,2017,20,774,75,181,73,43,57,38,13.8,5.0,0.4
jonesty01,2018,21,1467,150,328,129,81,116,59,14.1,5.2,1.1
jonesty01,2019,22,1560,185,446,126,69,111,47,13.7,4.6,0.6
jonesty01,2020,23,1232,197,429,124,58,94,55,15.7,4.4,0.8
kamanch01,2004,21,1843,200,435,2,142,335,155,9.6,14.2,-1.0
kamanch01,2005,22,1632,246,495,1,121,288,115,13.1,15.6,-0.2
kamanch01,2006,23,2560,369,706,2,252,563,176,15.0,17.0,0.8
kamanch01,2007,24,2176,294,652,1,224,428,147,12.9,16.2,-0.5
kamanch01,2008,25,2083,338,700,4,265,538,164,17.5,19.7,1.2
kaminfr01,2016,22,1708,215,525,202,148,266,58,12.5,10.7,0.5
kaminfr01,2017,23,1954,320,802,354,156,279,76,13.0,9.5,0.4
kaminfr01,2018,24,1835,307,716,274,194,242,66,14.4,8.5,0.8
kaminfr01,2019,25,755,138,298,139,107,124,41,16.8,11.7,0.4
kaminfr01,2020,26,777,138,307,124,90,141,37,14.2,12.6,0.3
kaponja01,2004,22,427,52,129,44,24,36,21,10.2,7.1,-0.1
kaponja01,2005,23,1491,269,671,194,85,132,46,11.8,6.3,-0.1
kaponja01,2006,24,665,79,177,53,33,59,20,9.0,6.3,-0.1
kaponja01,2007,25,1767,278,563,210,74,154,70,13.8,6.0,0.7
kaponja01,2008,26,1530,243,498,118,43,89,58,10.8,4.6,-0.3
kiddgmi01,2013,19,2025,281,613,9,187,324,101,14.0,12.9,-0.3
kiddgmi01,2014,20,1502,167,353,9,184,215,60,12.0,12.2,0.0
kiddgmi01,2015,21,1587,224,482,0,214,307,63,15.1,14.4,0.6
kiddgmi01,2016,22,205,33,61,7,29,33,8,16.9,12.0,0.1
kiddgmi01,2017,23,2349,295,618,9,194,409,56,14.3,13.2,0.7
klebima01,2018,26,1206,151,309,128,59,163,30,13.4,10.8,0.5
klebima01,2019,27,1502,175,386,218,74,239,54,13.1,11.7,0.9
klebima01,2020,28,1890,237,514,319,93,276,58,13.6,10.8,1.1
klebima01,2021,29,1341,116,275,212,37,213,30,10.6,10.7,0.7
klebima01,2022,30,1450,141,354,255,65,280,47,11.0,13.4,0.6
konchjo01,2020,23,181,24,37,10,2,29,7,18.0,13.7,0.3
konchjo01,2021,24,575,69,138,56,30,93,18,14.8,11.8,0.5
konchjo01,2022,25,1292,135,262,126,49,242,29,14.0,13.3,1.2
konchjo01,2023,26,1494,138,320,177,36,246,37,10.8,11.0,0.9
konchjo01,2024,27,1173,88,208,120,25,185,46,11.4,12.0,0.5
korkmfu01,2018,20,80,8,28,17,4,9,2,3.4,7.4,-0.1
korkmfu01,2019,21,679,98,245,144,44,91,25,11.4,8.3,0.0
korkmfu01,2020,22,1559,242,563,356,102,150,59,12.0,6.0,0.3
korkmfu01,2021,23,1062,170,424,269,82,96,46,12.8,5.9,0.5
korkmfu01,2022,24,1414,182,470,266,84,153,48,10.2,6.9,-0.4
krstine01,2005,21,1965,281,570,2,255,240,112,13.4,12.3,-0.6
krstine01,2006,22,2469,447,881,4,265,331,133,14.4,12.2,-0.1
krstine01,2007,23,848,170,323,1,121,125,52,16.9,12.2,0.4
krstine01,2008,24,812,123,300,2,69,165,41,8.5,14.3,-1.0
krstine01,2009,25,1141,191,407,0,79,168,45,13.6,12.8,-0.2
kukocto01,2001,32,979,151,330,78,88,115,60,15.3,9.4,1.0
kukocto01,2001,32,618,124,252,79,72,78,51,21.8,8.7,1.1
kukocto01,2002,33,1494,211,504,171,153,175,113,14.4,8.3,0.8
kukocto01,2003,34,1704,249,577,263,194,199,122,18.0,9.1,2.1
kukocto01,2004,35,1522,211,506,168,199,211,110,16.1,10.1,1.6
kuzmaky01,2018,22,2401,468,1039,434,208,395,140,14.2,10.7,0.8
kuzmaky01,2019,23,2314,496,1087,422,250,322,133,14.0,8.5,0.4
kuzmaky01,2020,24,1526,291,668,272,155,221,91,12.2,9.8,-0.2
kuzmaky01,2021,25,1954,335,757,380,97,309,113,12.7,12.0,0.8
kuzmaky01,2022,26,2204,423,936,375,219,491,169,15.2,14.1,1.0
lambje01,2013,20,147,24,68,30,14,13,6,11.2,7.0,-0.1
lambje01,2014,21,1538,263,609,247,64,162,61,13.4,6.9,0.8
lambje01,2015,22,633,104,250,111,55,99,27,14.9,9.1,0.6
lambje01,2016,23,1227,230,510,181,88,208,50,15.9,11.2,0.9
lambje01,2017,24,1143,226,491,146,129,234,40,17.0,12.7,0.7
lavinza01,2015,19,1902,286,677,167,177,187,193,11.3,6.4,-1.3
lavinza01,2016,20,2294,433,959,316,203,201,155,14.3,5.8,0.3
lavinza01,2017,21,1749,326,710,310,140,141,85,14.6,5.3,0.9
lavinza01,2018,22,656,136,355,123,107,85,43,14.6,7.7,-0.1
lavinza01,2019,23,2171,530,1135,321,375,254,215,18.7,7.4,1.5
laymaja01,2017,22,249,26,89,51,17,18,11,4.9,5.3,-0.3
laymaja01,2018,23,160,14,47,20,3,12,5,4.9,5.5,-0.1
laymaja01,2019,24,1327,216,424,181,71,161,46,13.5,8.7,0.5
laymaja01,2020,25,505,81,179,72,32,40,24,10.3,6.0,-0.2
laymaja01,2021,26,627,91,184,78,37,54,26,11.4,5.8,0.0
leeda03,2018,25,404,62,152,60,29,60,14,12.0,9.8,0.0
leeda03,2019,26,375,56,127,68,22,56,11,11.9,9.1,0.0
leeda03,2020,27,1423,213,511,239,126,207,67,12.7,9.1,-0.1
leeda03,2021,28,1079,128,274,194,44,158,30,11.8,8.9,0.6
leeda03,2022,29,1256,169,383,187,75,176,38,10.9,8.8,0.0
lillada01,2013,22,3167,553,1288,503,321,215,243,16.4,4.7,1.8
lillada01,2014,23,2937,553,1304,554,426,253,193,18.6,5.3,3.9
lillada01,2015,24,2925,590,1360,572,398,329,222,20.7,6.9,4.9
lillada01,2016,25,2676,618,1474,610,464,257,242,22.2,6.1,4.3
lillada01,2017,26,2694,661,1488,579,545,322,197,24.1,7.6,4.8
linje01,2011,22,285,28,72,5,25,22,18,14.8,6.8,0.3
linje01,2012,23,940,171,383,75,183,89,126,19.9,6.6,1.4
linje01,2013,24,2640,396,897,257,275,215,236,14.9,5.3,1.5
linje01,2014,25,2054,295,662,229,265,153,176,14.3,5.1,0.9
linje01,2015,26,1907,277,654,176,268,170,166,15.6,5.7,0.8
littlna01,2020,19,573,65,151,59,44,77,15,9.6,9.9,-0.2
littlna01,2021,20,640,78,167,80,45,96,18,11.6,10.7,-0.1
littlna01,2022,21,1088,145,315,154,94,178,40,13.5,11.9,0.2
littlna01,2023,22,976,134,303,158,46,114,36,10.2,8.3,-0.3
littlna01,2024,23,458,57,124,70,20,61,14,9.9,9.3,-0.1
looneke01,2016,19,21,4,7,2,0,6,1,18.6,25.6,0.0
looneke01,2017,20,447,56,107,9,34,80,17,13.6,15.2,0.0
looneke01,2018,21,910,112,193,5,77,132,31,14.8,13.2,0.4
looneke01,2019,22,1481,217,347,10,105,223,51,17.3,15.0,0.9
looneke01,2020,23,262,29,79,14,12,38,12,9.4,13.6,-0.2
lopezbr01,2009,20,2501,448,844,2,217,440,147,17.9,15.8,0.9
lopezbr01,2010,21,3027,563,1129,2,509,439,204,20.1,13.5,2.5
lopezbr01,2011,22,2889,644,1309,1,489,291,176,19.3,10.0,1.9
lopezbr01,2012,23,136,38,77,0,32,10,6,21.9,7.7,0.1
lopezbr01,2013,24,2253,570,1094,1,392,304,131,24.7,13.4,3.0
lopezro01,2009,20,614,71,137,1,68,66,28,11.6,11.2,-0.2
lopezro01,2010,21,986,171,291,0,125,144,41,17.6,14.2,0.4
lopezro01,2011,22,991,179,357,0,100,134,48,13.9,12.6,-0.5
lopezro01,2012,23,895,124,269,0,140,119,43,15.2,13.2,0.0
lopezro01,2013,24,2136,384,719,0,207,236,110,18.9,12.9,1.4
mannte01,2020,23,362,37,79,20,27,45,18,10.6,7.9,0.0
mannte01,2021,24,1263,178,350,91,94,186,40,13.8,10.8,0.6
mannte01,2022,25,2317,334,690,208,164,321,84,13.4,9.7,0.8
mannte01,2023,26,1872,272,524,198,118,199,80,13.4,8.3,0.8
mannte01,2024,27,1873,254,493,204,95,167,48,12.0,7.7,0.2
markkla01,2018,20,2020,374,862,401,166,429,83,15.6,13.5,0.9
markkla01,2019,21,1682,342,795,332,195,396,85,17.1,15.2,0.7
markkla01,2020,22,1492,251,591,317,153,253,81,14.3,11.6,0.5
markkla01,2021,23,1317,250,521,296,92,233,52,15.2,11.3,0.7
markkla01,2022,24,1878,313,703,380,159,286,54,14.7,10.2,1.1
martica02,2020,24,317,37,84,37,21,28,15,12.0,6.5,0.1
martica02,2021,25,818,96,256,125,64,110,33,9.5,9.3,-0.3
martica02,2022,26,1372,208,410,155,93,160,52,14.8,9.5,1.1
martica02,2023,27,2077,254,548,236,113,256,78,11.4,9.7,0.4
martica02,2024,28,1756,241,559,232,99,207,77,10.8,9.1,0.0
martico01,2020,24,903,89,207,77,65,120,44,10.5,9.6,0.0
martico01,2021,25,849,83,188,58,43,109,40,10.6,10.3,0.0
martico01,2022,26,1866,204,423,159,107,203,61,12.7,8.1,0.7
martico01,2023,27,134,14,36,14,7,16,2,8.7,9.5,-0.1
martico01,2024,28,753,82,215,86,33,90,44,9.2,8.1,-0.3
maxieja01,2006,22,159,23,54,0,42,16,11,8.0,10.5,-0.3
maxieja01,2007,23,943,131,262,0,137,98,53,14.4,11.7,0.0
maxieja01,2008,24,1768,240,446,1,270,256,71,16.7,14.6,0.8
maxieja01,2009,25,1408,184,320,1,158,155,45,15.8,13.7,0.5
maxieja01,2010,26,1550,212,415,1,155,240,68,14.0,15.7,-0.3
mayooj01,2009,21,3120,562,1283,378,281,252,226,14.2,6.1,0.6
mayooj01,2010,22,3113,542,1183,355,262,250,176,14.6,5.8,1.6
mayooj01,2011,23,1869,304,747,264,131,135,99,12.6,5.4,0.7
mayooj01,2012,24,1771,300,736,275,172,180,124,14.7,6.9,1.3
mayooj01,2013,25,2913,461,1026,349,233,255,210,13.9,5.6,1.1
mccontj01,2016,23,1606,218,464,89,41,207,140,14.5,8.5,0.3
mccontj01,2017,24,2133,236,512,55,90,212,159,13.7,6.5,0.5
mccontj01,2018,25,1706,210,421,62,39,189,112,12.5,7.1,0.9
mccontj01,2019,26,1470,220,419,42,37,146,91,13.4,6.3,0.4
mccontj01,2020,27,1326,212,411,17,42,151,100,16.5,7.8,0.8
mcgruro01,2017,25,1966,190,460,220,71,162,56,9.1,7.2,0.0
mcgruro01,2018,26,299,36,73,35,8,22,4,12.0,6.2,0.1
mcgruro01,2019,27,1550,186,461,225,72,178,64,9.4,8.2,-0.1
mcgruro01,2020,28,871,72,181,89,34,122,24,6.7,9.0,-0.2
mcgruro01,2021,29,194,37,70,24,8,14,7,16.1,6.3,0.1
mckinal01,2018,25,53,8,15,9,3,6,3,10.1,7.4,0.0
mckinal01,2019,26,1003,134,275,118,48,166,30,11.2,13.1,-0.4
mckinal01,2020,27,593,73,171,65,31,76,26,8.7,10.6,-0.5
mckinal01,2021,28,258,48,93,39,18,32,5,15.5,11.8,0.1
mckinal01,2022,29,206,24,61,27,8,20,7,5.6,9.0,-0.4
mclaujo01,2020,23,590,87,178,76,39,42,31,16.3,4.4,0.3
mclaujo01,2021,24,938,100,242,92,30,87,51,12.0,6.2,0.1
mclaujo01,2022,25,902,88,200,85,40,72,38,13.4,5.6,0.6
mclaujo01,2023,26,678,61,145,78,18,47,33,11.8,5.1,0.2
mclaujo01,2024,27,626,70,145,89,18,54,19,15.5,6.5,1.0
meeksjo01,2010,22,486,64,177,82,21,67,20,8.4,8.4,-0.1
meeksjo01,2010,22,233,40,91,50,18,23,5,15.8,6.8,0.1
meeksjo01,2011,23,2062,242,570,348,170,150,60,12.5,4.8,1.1
meeksjo01,2012,24,1644,191,467,266,85,144,29,11.5,5.4,0.5
meeksjo01,2013,25,1663,205,530,342,96,134,52,11.4,5.7,0.4
meltode01,2019,20,984,100,256,95,28,109,75,9.9,7.5,-0.2
meltode01,2020,21,1167,161,401,140,121,177,84,13.5,9.9,0.5
meltode01,2021,22,1045,172,393,211,51,131,66,15.2,8.2,1.1
meltode01,2022,23,1657,281,695,372,120,264,112,15.2,10.4,1.6
meltode01,2023,24,2150,277,651,403,87,243,102,12.7,8.6,1.6
metuch01,2019,21,145,19,58,2,17,27,15,6.4,13.5,-0.2
metuch01,2020,22,105,24,42,2,13,21,10,22.2,16.9,0.1
metuch01,2021,23,488,91,179,37,43,81,29,14.5,12.7,-0.2
metuch01,2022,24,1279,203,449,186,91,301,61,13.4,14.3,0.2
metuch01,2023,25,689,129,219,38,73,151,32,17.3,16.4,0.3
middlkh01,2013,21,475,62,141,45,32,46,11,11.4,6.1,0.0
middlkh01,2014,22,2460,376,854,290,137,250,123,12.5,7.2,-0.2
middlkh01,2015,23,2378,406,869,268,156,299,113,15.6,8.4,2.2
middlkh01,2016,24,2852,507,1142,361,312,258,180,16.8,6.0,1.9
middlkh01,2017,25,889,150,333,104,92,112,65,15.0,8.1,0.4
millspa01,2007,21,1472,209,398,3,208,240,94,17.6,17.5,0.9
millspa01,2008,22,1702,253,502,4,229,293,87,16.1,16.5,0.8
millspa01,2009,23,2290,400,749,4,326,403,129,18.6,17.0,1.8
millspa01,2010,24,2277,385,716,9,264,373,116,16.7,14.5,1.4
millspa01,2011,25,2605,525,988,23,338,415,145,19.8,13.4,2.5
millspa02,2010,21,38,10,24,4,7,1,4,11.9,3.3,-0.1
millspa02,2011,22,783,135,328,133,47,32,62,13.0,4.0,0.1
millspa02,2012,23,261,63,130,56,15,24,26,21.5,6.2,0.3
millspa02,2013,24,656,113,241,130,19,41,39,14.1,4.4,0.4
millspa02,2014,25,1527,309,666,318,82,135,63,18.7,6.2,2.3
miltosh01,2019,22,268,34,87,44,7,26,6,9.3,6.9,-0.1
miltosh01,2020,23,805,134,277,135,65,73,47,14.4,6.0,0.2
miltosh01,2021,24,1461,300,667,203,176,115,103,14.6,5.6,0.1
miltosh01,2022,25,1179,173,403,133,73,112,44,11.9,6.7,-0.1
miltosh01,2023,26,1567,241,503,148,116,152,94,12.7,7.2,0.0
mitchdo01,2018,21,2638,595,1362,550,297,244,215,16.7,6.4,2.2
mitchdo01,2019,22,2598,661,1530,519,396,257,218,17.2,6.6,2.2
mitchdo01,2020,23,2364,602,1342,473,322,251,184,18.8,7.1,2.3
mitchdo01,2021,24,1771,478,1091,461,316,185,147,21.3,7.0,2.8
mitchdo01,2022,25,2266,617,1376,654,313,227,200,21.6,6.8,3.6
monkma01,2018,19,854,153,425,243,38,58,49,10.2,4.2,-0.3
monkma01,2019,20,1258,227,586,330,102,121,86,11.8,5.9,-0.3
monkma01,2020,21,1169,212,488,204,100,130,77,12.6,7.3,-0.1
monkma01,2021,22,878,173,399,212,72,87,55,13.6,6.2,0.0
monkma01,2022,23,2139,391,826,442,117,219,122,14.4,6.4,0.8
monrogr01,2011,20,2222,303,550,1,233,353,81,18.0,16.5,1.4
monrogr01,2012,21,2082,407,781,1,272,398,161,22.0,18.3,2.6
monrogr01,2013,22,2687,514,1058,4,392,541,234,19.5,16.7,2.6
monrogr01,2014,23,2690,504,1015,1,367,504,166,18.1,15.4,1.4
monrogr01,2015,24,2137,423,853,0,336,475,149,21.2,17.9,2.1
mooreet01,2012,22,331,43,113,45,7,29,21,8.8,5.9,0.0
mooreet01,2013,23,1682,237,598,197,59,119,105,10.7,5.6,-0.1
mooreet01,2014,24,1506,195,456,161,68,107,55,11.1,5.1,0.2
mooreet01,2015,25,504,62,139,38,20,34,14,10.3,5.0,0.1
mooreet01,2016,26,1263,187,389,104,35,114,53,11.4,5.5,0.0
moranja01,2020,20,2074,447,937,179,308,208,220,17.4,6.6,1.2
moranja01,2021,21,2053,430,957,241,372,193,203,16.7,6.5,0.8
moranja01,2022,22,1889,580,1177,256,415,248,196,24.4,9.0,3.9
moranja01,2023,23,1948,566,1214,300,497,296,206,23.3,9.7,3.8
moranja01,2024,24,318,80,170,51,64,44,27,20.6,8.6,0.4
morrimo01,2018,22,25,4,6,1,2,2,1,27.1,4.5,0.1
morrimo01,2019,23,1970,346,702,227,81,159,52,16.2,5.3,1.7
morrimo01,2020,24,1636,260,566,172,89,113,53,14.9,4.7,0.7
morrimo01,2021,25,1196,186,387,134,73,85,34,14.0,4.6,0.5
morrimo01,2022,26,2239,374,773,314,84,199,78,14.7,5.6,1.1
mutomdi01,2001,34,1716,169,354,0,154,505,92,16.5,22.5,1.5
mutomdi01,2001,34,875,100,202,0,137,203,52,19.6,20.8,1.0
mutomdi01,2002,35,2907,321,641,0,364,609,156,16.0,16.8,2.0
mutomdi01,2003,36,514,49,131,0,55,99,34,11.2,17.0,-0.2
mutomdi01,2004,37,1494,141,295,0,119,292,54,14.3,16.9,0.8
naderab01,2018,24,522,50,149,65,39,58,34,5.1,7.4,-0.4
naderab01,2019,25,694,91,215,100,36,102,26,8.8,8.6,-0.2
naderab01,2020,26,867,123,263,128,66,86,43,11.3,6.4,0.2
naderab01,2021,27,355,57,116,43,37,55,19,13.4,9.9,0.2
naderab01,2022,28,145,12,35,14,10,23,11,4.9,10.0,-0.1
napiesh01,2015,23,1012,87,228,118,56,96,81,9.3,6.7,-0.3
napiesh01,2016,24,600,68,201,104,45,46,46,9.6,5.1,-0.2
napiesh01,2017,25,512,73,183,92,49,53,41,13.6,6.6,0.2
napiesh01,2018,26,1535,223,531,218,138,144,90,14.2,6.0,1.0
napiesh01,2019,27,983,169,435,228,138,82,66,15.3,5.3,0.9
netora01,2016,23,1499,180,418,162,70,103,109,10.2,4.7,0.0
netora01,2017,24,346,41,91,31,9,26,15,10.7,5.0,0.2
netora01,2018,25,498,69,151,47,35,42,36,11.9,5.6,0.1
netora01,2019,26,474,74,161,60,33,56,35,13.4,7.1,0.2
netora01,2020,27,668,101,222,88,47,50,47,12.7,5.0,0.0
niangge01,2017,23,93,9,36,12,2,15,5,0.1,10.3,-0.2
niangge01,2018,24,32,4,11,4,2,6,3,9.2,16.0,0.0
niangge01,2019,25,516,86,181,105,24,76,23,13.0,9.1,0.3
niangge01,2020,26,923,141,322,225,24,112,30,11.7,7.6,0.4
niangge01,2021,27,1154,177,405,292,23,148,51,11.4,8.1,0.5
noahjo01,2008,22,1534,177,367,1,194,242,89,15.5,15.3,0.7
noahjo01,2009,23,1938,207,372,1,182,362,82,16.5,17.9,1.5
noahjo01,2010,24,1925,262,520,0,219,484,117,17.9,20.3,1.7
noahjo01,2011,25,1576,211,402,1,188,316,90,18.8,18.5,1.9
noahjo01,2012,26,1945,249,490,1,206,387,92,19.6,18.0,2.8
ntilila01,2018,19,1706,182,500,157,68,140,131,7.0,5.8,-1.3
ntilila01,2019,20,904,95,282,115,30,75,56,6.0,5.0,-0.9
ntilila01,2020,21,1187,131,333,137,59,98,71,9.8,5.4,-0.4
ntilila01,2021,22,322,29,79,48,18,25,11,7.7,5.2,0.0
ntilila01,2022,23,685,89,223,111,25,67,31,10.4,6.4,0.0
nwabada01,2017,24,397,47,81,5,39,46,11,12.2,8.7,0.0
nwabada01,2018,25,1646,202,423,52,203,237,77,12.2,10.6,-0.2
nwabada01,2019,26,984,126,262,75,85,122,29,12.5,9.2,0.0
nwabada01,2020,27,268,37,71,28,27,37,8,14.0,8.7,0.2
nwabada01,2021,28,679,106,218,63,68,78,17,14.4,9.3,0.2
obertfa01,2006,30,490,44,93,2,27,66,28,9.3,14.8,-0.2
obertfa01,2007,31,1365,158,281,0,51,237,69,11.9,16.3,0.2
obertfa01,2008,32,1644,180,296,1,61,277,51,13.8,15.4,1.0
obertfa01,2009,33,677,61,104,1,35,77,38,10.6,12.5,0.0
obertfa01,2010,34,650,35,56,0,17,71,36,5.7,9.3,-0.4
okogijo01,2019,20,1757,196,508,215,162,177,63,9.3,6.6,-0.5
okogijo01,2020,21,1547,170,398,154,191,181,87,11.5,9.1,-0.2
okogijo01,2021,22,1197,102,254,108,108,93,43,9.1,7.1,-0.4
okogijo01,2022,23,516,42,104,47,51,41,23,9.0,7.3,-0.1
okogijo01,2023,24,1350,162,414,197,192,142,63,13.3,10.3,0.6
okurme01,2003,23,1366,180,423,112,131,218,66,14.8,14.5,0.5
okurme01,2004,24,1580,251,542,48,209,261,101,18.3,15.4,1.4
okurme01,2005,25,2304,354,756,63,387,422,141,18.9,16.6,2.3
okurme01,2006,26,2945,519,1128,234,454,535,163,19.0,15.4,2.7
okurme01,2007,27,2664,490,1061,336,387,419,125,18.1,13.2,2.8
ollieke01,2001,28,161,5,27,0,19,20,9,5.5,8.2,-0.1
ollieke01,2001,28,764,71,165,3,70,59,40,11.4,5.3,0.1
ollieke01,2002,29,1146,97,253,2,130,110,80,11.2,6.5,-0.4
ollieke01,2002,29,577,40,100,0,97,49,26,14.3,5.5,0.4
ollieke01,2003,30,1127,117,255,5,91,87,36,13.5,5.1,0.3
onealro01,2018,24,1150,120,284,118,76,211,55,10.8,11.7,0.5
onealro01,2019,25,1671,163,343,176,42,263,70,9.0,9.2,0.6
onealro01,2020,26,2049,158,365,244,55,362,61,9.5,10.4,1.5
onealro01,2021,27,2241,175,394,278,46,397,83,9.9,11.5,1.7
onealro01,2022,28,2406,203,444,306,56,304,79,10.3,8.4,1.7
oquinky01,2013,22,638,101,197,1,45,144,37,15.8,18.5,0.1
oquinky01,2014,23,1188,186,371,3,83,264,78,16.5,17.3,0.5
oquinky01,2015,24,824,119,242,43,57,153,55,14.8,13.6,0.4
oquinky01,2016,25,764,129,271,22,60,174,61,17.5,17.9,0.5
oquinky01,2017,26,1229,215,413,17,83,282,76,20.5,19.2,1.2
osmande01,2018,22,672,90,186,87,46,101,32,11.0,10.0,-0.1
osmande01,2019,23,2444,360,844,374,181,312,114,11.5,8.1,-0.8
osmande01,2020,24,1910,266,609,321,94,192,91,10.7,6.7,-0.3
osmande01,2021,25,1510,219,586,324,95,163,80,10.3,7.5,-0.5
osmande01,2022,26,1462,247,572,359,131,121,67,13.3,5.5,0.8
pachuza01,2004,19,664,68,175,0,90,105,34,10.8,14.9,-0.6
pachuza01,2005,20,1397,160,354,1,185,247,70,14.4,15.9,0.2
pachuza01,2006,21,2452,307,681,2,404,349,180,15.0,15.0,-0.1
pachuza01,2007,22,2026,291,614,1,373,301,162,16.8,14.9,0.6
pachuza01,2008,23,944,107,245,3,153,159,69,11.0,15.3,-0.7
parkean01,2007,31,2437,328,687,261,158,223,71,14.5,6.8,2.1
parkean01,2008,32,2634,395,829,304,125,284,87,14.4,7.5,1.9
parkean01,2009,33,2637,321,754,241,145,272,114,12.1,7.1,0.8
parkean01,2010,34,2289,206,475,261,95,201,71,9.9,6.0,1.0
parkean01,2011,35,2091,220,552,227,95,185,80,10.5,6.0,0.0
parketo01,2002,19,2267,268,639,189,160,164,151,11.7,5.0,0.6
parketo01,2003,20,2774,484,1043,243,290,183,198,16.5,4.5,1.7
parketo01,2004,21,2577,423,946,199,272,194,179,15.7,5.1,1.8
parketo01,2005,22,2735,539,1118,156,323,251,215,18.0,6.4,2.8
parketo01,2006,23,2715,623,1136,36,358,223,249,20.8,5.7,3.3
parsoch01,2012,23,1804,248,549,178,78,210,81,13.3,9.6,1.3
parsoch01,2013,24,2758,456,939,395,155,325,147,15.3,8.3,2.8
parsoch01,2014,25,2783,466,987,351,221,340,144,15.9,8.2,2.6
parsoch01,2015,26,2186,383,829,347,193,259,96,16.3,8.1,2.0
parsoch01,2016,27,1799,320,651,251,136,256,95,16.2,8.7,1.8
paulch01,2006,20,2808,407,947,177,465,339,183,22.1,8.5,5.1
paulch01,2007,21,2353,381,871,143,357,226,161,22.0,6.9,4.2
paulch01,2008,22,3006,630,1291,249,390,259,201,28.3,6.2,9.3
paulch01,2009,23,3002,631,1255,176,524,363,231,30.0,8.7,9.9
paulch01,2010,24,1712,314,637,127,190,171,112,23.7,6.5,3.5
pekovni01,2011,25,887,136,263,0,114,103,91,11.2,12.1,-0.8
pekovni01,2012,26,1264,256,454,0,187,165,87,21.4,15.2,1.0
pekovni01,2013,27,1959,385,741,0,324,315,101,20.2,15.9,1.2
pekovni01,2014,28,1663,379,701,0,249,262,84,20.7,15.3,1.1
pekovni01,2015,29,815,139,328,0,129,145,42,16.6,16.4,0.0
pinsoth01,2019,23,211,25,73,46,22,32,18,8.1,9.0,-0.1
pinsoth01,2020,24,365,45,155,80,16,44,33,5.2,7.7,-0.5
pinsoth01,2021,25,34,1,9,8,0,5,1,-8.1,8.0,-0.1
pinsoth01,2022,26,148,14,39,30,10,19,5,11.9,7.9,0.1
pinsoth01,2023,27,323,31,87,62,13,53,12,10.1,11.4,-0.1
poolejo01,2020,20,1274,167,502,265,119,109,74,7.2,5.0,-1.5
poolejo01,2021,21,988,205,474,276,119,77,51,15.1,5.0,0.4
poolejo01,2022,22,2283,474,1058,580,266,226,187,16.1,6.2,1.7
poolejo01,2023,23,2458,550,1278,637,415,193,252,14.6,5.0,0.1
poolejo01,2024,24,2346,490,1186,564,219,180,188,12.1,4.8,-1.2
portemi01,2020,21,903,195,383,147,72,193,49,19.8,16.1,0.8
portemi01,2021,22,1912,443,817,382,134,354,77,20.6,13.2,2.5
portemi01,2022,23,265,37,103,48,9,50,12,7.5,12.4,-0.1
portemi01,2023,24,1798,398,817,454,120,277,68,16.8,10.9,1.0
portemi01,2024,25,2565,522,1079,554,110,459,92,15.5,12.2,1.3
poweldw01,2015,23,9,4,5,0,2,1,2,34.9,6.1,0.0
poweldw01,2015,23,227,27,62,11,31,31,9,13.0,11.8,0.0
poweldw01,2016,24,992,146,296,16,142,189,40,16.8,15.1,0.5
poweldw01,2017,25,1333,194,377,74,141,213,34,17.6,13.3,1.0
poweldw01,2018,26,1672,255,430,84,185,309,59,18.8,14.7,1.5
priceaj01,2010,23,865,145,354,174,75,76,59,14.0,5.6,0.3
priceaj01,2011,24,795,114,320,149,81,56,53,10.7,5.0,-0.2
priceaj01,2012,25,568,59,174,88,35,48,32,11.5,6.0,0.1
priceaj01,2013,26,1278,161,413,200,62,94,64,12.4,4.9,0.5
priceaj01,2014,27,99,19,46,22,2,9,7,9.7,5.5,-0.1
pricero01,2006,22,150,21,58,27,12,10,10,10.5,5.8,0.0
pricero01,2007,23,563,67,172,65,55,56,33,10.5,7.4,0.0
pricero01,2008,24,588,88,204,75,38,38,30,12.3,4.8,0.2
pricero01,2009,25,738,77,203,61,45,57,61,8.5,5.6,-0.3
pricero01,2010,26,806,98,242,63,59,46,56,10.3,5.4,0.1
randlju01,2015,20,14,1,3,0,2,0,1,-7.5,0.0,0.0
randlju01,2016,21,2286,358,835,36,270,657,149,13.9,19.5,-0.7
randlju01,2017,22,2132,377,773,63,282,486,173,16.3,16.3,0.6
randlju01,2018,23,2190,504,904,45,425,473,213,19.9,15.9,1.4
randlju01,2019,24,2232,571,1089,195,487,472,208,20.9,14.7,2.0
reidna01,2020,20,495,100,243,97,53,90,22,15.3,13.2,0.0
reidna01,2021,21,1347,304,581,174,166,240,69,18.2,12.9,0.6
reidna01,2022,22,1215,233,476,166,149,199,82,17.2,13.3,0.6
reidna01,2023,23,1251,310,577,217,127,260,92,18.5,14.9,1.0
reidna01,2024,24,1964,406,851,408,148,350,111,16.0,12.2,1.7
robindu01,2019,24,161,18,46,35,6,17,4,7.6,6.3,-0.1
robindu01,2020,25,2166,323,687,606,72,222,70,13.1,6.0,1.3
robindu01,2021,26,2262,315,717,613,75,243,81,11.0,6.3,0.6
robindu01,2022,27,2043,290,726,624,61,179,60,10.6,5.6,0.7
robindu01,2023,28,691,88,237,192,32,61,28,7.8,5.9,-0.5
robinmi01,2019,20,1360,202,291,0,135,246,35,22.0,16.3,1.6
robinmi01,2020,21,1412,253,341,0,148,242,37,23.5,16.2,1.8
robinmi01,2021,22,853,115,176,0,53,139,26,17.7,16.0,0.7
robinmi01,2022,23,1848,261,343,0,181,322,60,20.7,17.9,2.0
robinmi01,2023,24,1591,188,280,0,122,288,41,18.9,19.2,1.7
roziete01,2016,21,311,29,106,27,10,39,19,5.0,10.8,-0.3
roziete01,2017,22,1263,151,411,179,66,187,47,10.9,10.0,0.2
roziete01,2018,23,2068,316,800,402,149,313,80,15.1,9.9,2.1
roziete01,2019,24,1791,258,666,337,93,275,68,13.0,9.1,0.8
roziete01,2020,25,2164,398,941,423,190,226,141,14.8,7.0,0.8
rubiori01,2012,21,1404,139,389,94,157,150,131,14.6,6.7,1.1
rubiori01,2013,22,1691,185,514,92,264,185,172,16.2,7.7,1.3
rubiori01,2014,23,2638,255,670,133,283,281,221,15.4,7.1,2.1
rubiori01,2015,24,692,78,219,51,71,106,64,15.2,10.3,0.3
rubiori01,2016,25,2323,219,586,190,314,286,193,17.6,8.2,2.3
rushbr01,2009,23,1803,243,575,209,66,199,75,9.0,7.1,-0.3
rushbr01,2010,24,2491,297,702,302,89,305,93,9.6,7.6,0.4
rushbr01,2011,25,1754,217,515,223,106,184,69,10.6,6.9,0.5
rushbr01,2012,26,1717,235,469,219,82,218,68,15.2,8.3,1.6
rushbr01,2013,27,25,6,9,2,3,1,3,11.9,2.2,0.0
sampsja01,2003,19,8,0,2,0,0,1,0,8.4,14.6,0.0
sampsja01,2004,20,130,11,23,0,12,29,6,15.0,22.6,0.0
sampsja01,2005,21,329,28,62,0,39,86,17,11.6,21.2,-0.2
sampsja01,2006,22,39,5,7,0,2,13,0,24.4,27.0,0.1
sampsja01,2007,23,125,9,14,1,14,33,10,11.3,21.6,0.0
satorto01,2017,25,719,61,147,37,33,58,38,8.5,6.5,-0.1
satorto01,2018,26,1643,201,384,101,96,161,83,15.4,8.0,1.3
satorto01,2019,27,2164,257,530,162,160,197,120,14.1,7.0,0.7
satorto01,2020,28,1878,237,551,199,121,178,130,13.5,7.5,0.4
satorto01,2021,29,1307,169,329,118,79,112,96,13.8,6.0,0.5
scalabr01,2002,23,290,23,67,10,15,39,24,4.2,9.9,-0.3
scalabr01,2003,24,724,68,169,39,36,101,46,8.9,11.1,0.0
scalabr01,2004,25,928,86,218,41,70,131,42,9.5,11.0,-0.1
scalabr01,2005,26,1167,132,332,68,69,161,66,11.0,12.6,0.1
scalabr01,2006,27,938,74,193,87,36,87,50,5.9,7.4,-0.4
scolalu01,2008,27,2024,345,670,3,235,351,105,16.1,14.6,1.0
scolalu01,2009,28,2488,424,799,3,258,520,123,17.0,16.9,1.6
scolalu01,2010,29,2671,560,1090,5,267,530,163,17.2,15.1,1.1
scolalu01,2011,30,2412,569,1129,3,290,459,147,18.4,14.2,1.0
scolalu01,2012,31,2067,436,888,3,198,306,153,15.4,12.0,0.0
serapke01,2011,21,635,66,147,0,31,72,42,8.4,13.7,-0.8
serapke01,2012,22,1176,203,382,1,70,177,66,15.8,13.4,0.1
serapke01,2013,23,1721,330,716,0,88,239,130,10.3,11.1,-1.5
serapke01,2014,24,578,111,220,0,31,75,41,12.5,12.8,-0.5
serapke01,2015,25,1235,231,450,2,82,201,98,12.5,13.1,-0.6
sextoco01,2019,20,2605,519,1206,296,255,179,185,12.0,5.0,-1.8
sextoco01,2020,21,2143,513,1086,255,267,143,158,16.3,5.3,0.1
sextoco01,2021,22,2115,525,1105,264,383,129,167,18.0,4.9,1.0
sextoco01,2022,23,316,68,151,45,39,23,31,11.2,6.3,-0.2
sextoco01,2023,24,1145,237,468,122,199,68,85,15.9,5.0,0.2
shamela01,2019,21,1108,153,347,245,54,64,26,10.7,3.7,0.0
shamela01,2019,21,694,87,210,151,39,49,19,11.3,4.3,0.1
shamela01,2020,22,1452,158,391,296,76,94,42,8.5,3.6,0.0
shamela01,2021,23,1403,186,456,333,78,101,48,10.3,4.4,-0.2
shamela01,2022,24,1437,191,485,334,81,110,41,10.2,4.7,0.3
siakapa01,2017,22,859,103,205,7,32,121,33,11.5,12.2,-0.1
siakapa01,2018,23,1679,253,498,132,87,285,67,14.5,12.1,1.4
siakapa01,2019,24,2548,519,945,214,302,425,154,18.7,11.6,2.8
siakapa01,2020,25,2110,500,1104,365,303,375,148,17.9,11.0,2.0
siakapa01,2021,26,2006,437,961,246,301,310,130,17.7,11.1,1.4
simonan01,2019,19,141,28,63,29,16,10,11,11.1,4.9,-0.1
simonan01,2020,20,1449,214,536,226,92,127,61,9.0,5.5,-0.9
simonan01,2021,21,1104,168,401,282,57,126,43,12.3,6.8,0.3
simonan01,2022,22,1681,353,797,442,116,125,115,15.3,4.9,0.5
simonan01,2023,23,2171,467,1045,562,179,143,128,14.8,4.3,0.5
smartma01,2015,20,1808,175,477,272,127,161,90,11.0,6.7,0.7
smartma01,2016,21,1667,184,529,241,166,179,80,11.3,8.1,0.4
smartma01,2017,22,2399,269,749,332,250,227,159,12.0,7.1,0.4
smartma01,2018,23,1614,189,515,249,133,146,129,10.8,6.4,0.3
smartma01,2019,24,2200,239,567,346,129,177,123,13.2,5.7,1.5
smithcr01,2007,23,1537,246,463,6,186,267,74,15.7,16.2,0.1
smithcr01,2008,24,1547,297,528,9,200,230,89,16.7,13.2,0.3
smithcr01,2009,25,1460,289,514,1,248,186,105,16.9,11.4,0.5
smithcr01,2010,26,1232,226,397,5,208,190,88,16.9,13.5,0.4
smithcr01,2011,27,586,104,188,5,68,74,33,15.4,11.7,0.1
smithgr02,2012,21,69,7,11,0,0,15,1,12.3,16.8,0.0
smithgr02,2013,22,1110,170,274,1,130,210,41,16.1,16.4,0.4
smithgr02,2014,23,100,18,28,0,5,16,5,13.7,15.0,0.0
smithgr02,2015,24,363,30,49,0,39,53,11,10.2,11.9,-0.1
smithgr02,2016,25,192,18,32,0,17,30,7,7.9,12.7,-0.2
snellto01,2014,22,1231,129,336,178,41,105,44,8.0,5.7,-0.2
snellto01,2015,23,1412,159,371,197,55,145,48,10.2,6.8,0.2
snellto01,2016,24,1301,126,339,155,33,180,52,6.4,8.1,-0.6
snellto01,2017,25,2336,246,541,355,58,226,55,9.7,6.2,0.2
snellto01,2018,26,2053,185,425,268,48,132,36,8.5,4.0,-0.1
songada01,2004,25,976,133,273,0,88,134,43,14.6,13.1,0.2
songada01,2005,26,1668,257,488,3,111,219,70,14.9,11.5,0.5
songada01,2006,27,1329,236,491,5,115,170,85,13.6,10.6,0.3
songada01,2007,28,700,118,225,2,54,90,43,13.6,11.0,-0.2
songada01,2008,29,1554,214,467,2,73,190,86,11.8,10.2,-0.2
splitti01,2011,26,738,101,191,1,140,129,32,16.0,15.8,0.2
splitti01,2012,27,1121,212,343,0,181,213,87,20.5,15.7,1.1
splitti01,2013,28,1997,315,563,2,285,371,100,18.7,14.9,2.1
splitti01,2014,29,1271,181,346,3,173,240,75,16.5,16.1,0.8
splitti01,2015,30,1030,169,303,0,120,161,60,18.9,13.9,1.1
strusma01,2020,23,6,2,3,1,1,0,0,30.7,9.2,0.0
strusma01,2021,24,507,85,187,148,24,36,8,12.1,4.6,0.0
strusma01,2022,25,1587,249,564,442,53,178,57,12.7,7.2,1.2
strusma01,2023,26,2272,324,790,563,89,209,70,10.8,6.7,0.2
strusma01,2024,27,2239,304,728,479,97,272,112,11.7,8.5,0.8
stuckro01,2008,21,1081,153,382,16,156,97,78,13.8,7.1,0.3
stuckro01,2009,22,2517,401,913,78,290,206,173,14.8,6.5,0.9
stuckro01,2010,23,2499,449,1109,79,359,214,163,15.6,6.8,1.0
stuckro01,2011,24,2183,363,827,90,381,146,155,18.4,6.0,1.2
stuckro01,2012,25,1644,256,597,104,320,104,106,17.6,5.2,1.1
sullija01,2013,20,892,111,225,5,63,172,29,13.5,17.5,0.0
sullija01,2014,21,2041,384,899,208,203,360,119,16.4,16.7,0.3
sullija01,2015,22,1566,311,708,184,129,294,78,17.9,15.4,1.2
sullija01,2016,23,1915,351,806,103,161,479,102,16.7,18.7,1.3
sullija01,2017,24,118,15,47,18,8,17,4,6.0,12.9,-0.2
tatumja01,2018,19,2443,397,835,242,258,352,114,15.2,9.0,2.0
tatumja01,2019,20,2455,466,1036,311,228,407,122,15.1,10.4,1.1
tatumja01,2020,21,2265,552,1226,469,313,396,155,20.4,10.9,3.4
tatumja01,2021,22,2290,605,1318,485,340,422,171,21.3,11.5,3.4
tatumja01,2022,23,2731,708,1564,651,469,524,217,21.8,12.1,4.8
teaguje01,2010,21,719,90,227,32,49,62,50,11.0,5.4,-0.3
teaguje01,2011,22,963,133,304,48,97,91,64,14.6,6.4,0.6
teaguje01,2012,23,2183,320,672,149,185,138,134,15.8,4.3,1.8
teaguje01,2013,24,2628,439,974,248,226,155,230,16.8,3.9,1.5
teaguje01,2014,25,2542,456,1040,225,376,174,232,17.1,4.7,1.2
teletmi01,2013,27,499,71,185,108,11,62,20,12.3,11.2,0.1
teletmi01,2014,28,1396,221,529,349,62,206,54,14.3,11.4,0.6
teletmi01,2015,29,892,122,319,193,46,167,53,10.7,12.2,0.1
teletmi01,2016,30,1686,332,777,460,155,247,84,16.2,9.7,1.4
teletmi01,2017,31,1133,156,418,305,45,151,37,8.8,8.3,-0.5
thompja02,2009,22,2303,356,717,8,286,372,146,13.9,15.4,-1.3
thompja02,2010,23,2357,370,784,10,277,413,139,14.5,15.5,-0.2
thompja02,2011,24,1748,271,534,3,200,310,99,13.6,14.8,-0.1
thompja02,2012,25,1657,237,443,2,181,277,68,16.4,14.7,0.5
thompja02,2013,26,2285,374,745,3,206,377,101,14.6,13.8,-0.3
townska01,2016,20,2627,625,1153,88,275,629,183,22.5,19.0,2.7
townska01,2017,21,3030,802,1480,275,428,711,212,25.9,19.4,5.2
townska01,2018,22,2918,639,1172,285,402,774,159,24.9,20.0,5.2
townska01,2019,23,2545,681,1314,355,450,691,240,26.3,20.0,5.1
townska01,2020,24,1187,316,622,277,226,283,110,26.5,16.8,2.9
turnemy01,2016,19,1367,264,530,14,121,264,67,15.4,13.3,0.1
turnemy01,2017,20,2541,444,869,115,303,450,105,18.5,13.0,2.0
turnemy01,2018,21,1836,306,639,157,206,324,96,16.6,12.8,0.8
turnemy01,2019,22,2119,380,780,196,201,430,100,18.0,13.9,2.4
turnemy01,2020,23,1826,268,587,250,169,321,85,14.8,12.2,1.0
vanvlfr01,2017,22,294,39,111,29,22,38,15,10.5,8.1,0.0
vanvlfr01,2018,23,1520,232,545,261,101,159,74,15.9,6.8,1.7
vanvlfr01,2019,24,1760,246,600,296,115,146,82,13.7,5.1,1.1
vanvlfr01,2020,25,1928,319,773,374,198,185,121,16.3,5.6,2.3
vanvlfr01,2021,26,1899,338,870,476,191,188,95,16.8,6.4,2.2
villach01,2006,21,2361,435,940,214,160,340,99,16.4,13.5,0.6
villach01,2007,22,984,180,383,86,89,166,54,15.8,13.6,0.2
villach01,2008,23,1829,354,814,185,157,321,107,14.9,15.0,-0.3
villach01,2009,24,2095,487,1089,258,240,366,138,18.6,14.7,1.6
villach01,2010,25,1848,363,827,282,130,280,74,16.0,12.0,0.9
vincega01,2020,23,83,8,37,27,0,5,1,1.2,3.4,-0.2
vincega01,2021,24,655,88,233,149,23,46,34,7.6,4.9,-0.6
vincega01,2022,25,1589,214,513,323,54,104,98,10.6,4.5,0.2
vincega01,2023,26,1759,228,567,350,78,118,92,9.0,4.8,-0.6
vincega01,2024,27,218,15,49,28,2,5,5,3.1,2.3,-0.2
wadede01,2020,23,71,9,13,4,1,16,3,13.9,14.9,0.0
wadede01,2021,24,1212,134,311,213,39,177,30,11.3,9.9,0.2
wadede01,2022,25,980,99,217,142,30,119,16,10.1,8.5,0.4
wadede01,2023,26,891,73,177,127,23,130,17,8.5,9.9,0.3
wadede01,2024,27,1108,96,232,202,26,181,20,10.2,11.1,0.6
walkeke02,2012,21,1792,281,767,226,213,204,119,14.9,7.5,0.6
walkeke02,2013,22,2859,526,1244,332,371,223,200,18.8,5.7,2.4
walkeke02,2014,23,2614,449,1143,327,337,267,169,16.8,6.6,2.4
walkeke02,2015,24,2119,378,981,280,283,185,100,17.6,5.7,2.3
walkeke02,2016,25,2885,568,1331,490,438,301,171,20.8,6.8,4.3
walkelo01,2019,20,118,16,46,13,10,17,4,10.8,7.9,0.0
walkelo01,2020,21,988,152,357,101,61,116,44,10.5,7.6,-0.4
walkelo01,2021,22,1522,256,609,282,70,141,65,9.8,5.4,-0.7
walkelo01,2022,23,1612,311,764,353,148,163,71,12.3,5.9,-0.2
walkelo01,2023,24,1297,236,527,249,106,95,46,12.2,4.5,0.2
watanyu01,2019,24,174,15,51,16,10,27,6,3.3,10.0,-0.3
watanyu01,2020,25,105,15,34,8,8,13,2,11.2,10.0,0.0
watanyu01,2021,26,723,79,180,90,29,123,19,12.2,12.1,0.2
watanyu01,2022,27,445,56,138,79,40,74,19,11.5,11.2,0.0
watanyu01,2023,28,928,114,232,135,47,111,22,12.1,8.5,0.3
watsocj01,2008,23,368,43,101,26,29,19,18,11.0,4.7,-0.1
watsocj01,2009,24,1883,257,562,120,193,153,92,14.2,5.5,0.7
watsocj01,2010,25,1788,247,528,145,166,141,69,13.8,5.3,0.7
watsocj01,2011,26,1091,146,394,112,93,78,73,12.8,5.0,0.5
watsocj01,2012,27,1159,161,437,173,104,84,97,13.3,5.1,0.5
webstma02,2006,19,1070,139,348,182,71,101,43,11.6,7.3,-0.1
webstma02,2007,20,1759,195,492,250,132,197,76,9.9,8.5,0.0
webstma02,2008,21,2132,277,656,317,166,242,83,12.0,8.2,1.0
webstma02,2009,22,5,0,1,1,0,0,0,-8.4,0.0,0.0
webstma02,2010,23,2005,259,639,332,155,221,60,12.5,8.3,1.0
westda01,2004,23,930,108,228,2,80,180,48,15.9,18.2,0.4
westda01,2005,24,552,75,172,5,50,89,37,11.1,13.8,-0.2
westda01,2006,25,2526,530,1036,11,236,380,105,19.7,12.9,2.2
westda01,2007,26,1900,377,792,25,227,298,98,18.9,12.9,1.4
westda01,2008,27,2870,629,1305,25,353,495,165,19.9,13.7,2.6
whiteco01,2020,19,1674,312,792,376,129,202,109,11.9,7.6,-0.4
whiteco01,2021,20,2156,375,902,454,142,256,156,12.0,7.3,-0.2
whiteco01,2022,21,1675,279,644,353,91,165,70,12.6,6.1,0.0
whiteco01,2023,22,1730,263,594,344,70,196,74,12.5,6.9,0.5
whiteco01,2024,23,2881,541,1209,556,260,314,166,14.5,6.9,0.9
willike04,2019,24,1079,107,279,156,19,164,36,9.7,10.5,0.0
willike04,2020,25,832,51,147,97,26,135,22,7.5,11.9,-0.1
willike04,2021,26,1426,219,411,117,63,189,76,14.0,10.0,0.4
willike04,2022,27,1072,146,317,121,55,145,46,13.3,10.5,0.5
willike04,2023,28,1206,179,346,134,39,164,32,14.4,11.6,0.8
willima02,2006,19,1952,235,531,53,253,261,83,12.2,11.8,-0.7
willima02,2007,20,2179,306,706,45,265,253,127,12.2,9.3,-0.6
willima02,2008,21,2765,424,918,10,409,338,127,14.5,9.6,0.4
willima02,2009,22,2093,285,622,155,273,272,70,16.0,10.7,1.5
willima02,2010,23,2468,302,664,132,215,310,72,13.0,9.8,1.0
williro04,2019,21,283,36,51,0,15,54,10,18.9,15.3,0.3
williro04,2020,22,388,64,88,0,34,88,21,23.1,17.7,0.7
williro04,2021,23,985,186,258,2,73,225,52,25.7,20.2,2.0
williro04,2022,24,1804,271,368,1,90,350,63,22.1,17.6,3.4
williro04,2023,25,824,127,170,1,41,188,34,19.8,19.3,1.1
witheje01,2014,23,684,69,129,1,73,101,20,15.2,12.7,0.4
witheje01,2015,24,259,32,64,0,50,41,12,17.6,14.0,0.1
witheje01,2016,25,658,87,162,2,59,117,28,17.7,15.4,0.5
witheje01,2017,26,432,55,103,1,48,69,14,18.8,16.2,0.4
witheje01,2018,27,39,6,16,10,2,9,2,8.3,14.2,0.0
wrighdo01,2005,19,27,3,11,4,1,1,3,5.2,2.2,0.0
wrighdo01,2006,20,132,20,43,6,17,30,14,13.2,14.3,0.0
wrighdo01,2007,21,1292,162,364,34,86,232,65,12.7,12.4,0.5
wrighdo01,2008,22,1104,143,293,11,69,172,29,14.4,11.9,0.6
wrighdo01,2009,23,73,8,20,0,6,18,6,3.7,16.4,-0.1
youngtr01,2019,20,2503,525,1256,482,414,237,308,17.0,6.3,0.9
youngtr01,2020,21,2120,546,1249,568,559,223,289,23.9,6.5,3.1
youngtr01,2021,22,2125,487,1112,397,546,207,261,23.0,6.3,3.0
youngtr01,2022,23,2652,711,1544,610,553,234,303,25.4,5.9,4.8
youngtr01,2023,24,2541,597,1390,460,639,161,300,22.0,4.7,3.4
zelleco01,2014,21,1416,172,404,1,200,235,87,13.1,14.1,0.0
zelleco01,2015,22,1487,172,373,1,164,265,62,14.1,13.4,0.5
zelleco01,2016,23,1774,231,437,10,232,317,68,16.1,14.0,0.9
zelleco01,2017,24,1725,253,443,1,196,270,65,16.7,12.9,1.0
zelleco01,2018,25,627,85,156,3,85,110,33,15.9,15.3,0.1
